"RS-10","CURRENT","Claw Market Pull Scout","Daily discovery of evidence-grounded R&D opportunities from user needs, product limitations and unresolved market DELTAs.","Purpose:\n  Discover new Market Pull opportunity seeds for bathroom, shower, faucet and water-fitting innovation without requiring a predefined idea.\n\nInput:\n  [DISCOVERY CONTEXT]: target product/domain/strategic direction when available\n  [KNOWLEDGE CONTEXT]: relevant Knowledge Sheet, Market Signals, Competitor Tech, existing ideas and prior Claw learning\n\nTask:\n  - Read relevant existing knowledge and prior DROP / HOLD / BASELINE / WATCH learning first.\n  - Apply the current Strategic Scope / Tier 1 context before generating opportunities; prioritize active target products and strategic territories, and route clearly out-of-scope signals elsewhere.\n  - MANDATORY UPSTREAM ADMISSION (before architecture generation): treat NEED → BEST EXISTING SOLUTION → REMAINING GAP → MEANINGFUL DELTA as the pre-ideation gate. If credible need/pain is absent, existing solutions adequately solve it, or no decision-relevant DELTA remains, do not generate product architectures; classify as DROP/STOP PROBLEM SPACE or preserve only as an evidence-backed signal.\n  - REVIEW MEMORY BEFORE MARKET IDEATION: read REVIEW_MEMORY.md before generating Market Pull candidates, not only before RS-12. Compare emerging problem/outcome directions against relevant human-reviewed DROP / DUPLICATE / BASELINE / WATCH / KEEP decisions. A prior DROP is not a ban on the whole family, but reopening requires an explicit material DELTA against the recorded rejection reason.\n  - PROBLEM / OUTCOME FAMILY: before generating multiple architectures, group the opportunity with an existing problem/outcome family when one exists. Define the family by user/product outcome, not mechanism. Do not create multiple standalone candidates merely because mechanisms differ when they solve the same outcome.\n  - KNOWLEDGE TRACEABILITY: for material Knowledge-backed claims, record canonical IDs (MS-XXX, CT-XXX, SRC-XXX) and distinguish RELEASED from BETA. NONE_FOUND means no relevant record was found; it is never evidence of novelty. Do not invent IDs.\n  - RELEASED is authoritative; BETA is working/non-authoritative and must not be treated as published Knowledge.\n  - Identify credible user/customer needs, friction, unmet outcomes, contradictions, product limitations or recurring usability problems.\n  - For each promising signal establish:\n      WHO\n      CONTEXT\n      NEED / PAIN\n      BEST EXISTING SOLUTION\n      WHAT IT SOLVES\n      REMAINING LIMITATION\n      MEANINGFUL DELTA\n      REQUIRED PRODUCT / PHYSICAL FUNCTION\n  - Search external evidence only where necessary to validate a consequential market or product signal.\n  - Check strategic scope/Tier alignment before further candidate development.\n  - Generate several distinct solution architectures from the required function.\n  - Avoid feature-copying, CMF changes, simple position changes and supplier-component integration presented as innovation.\n  - Check strategic scope/Tier alignment, fitting applicability and existing-solution collision.\n  - Preserve promising opportunity seeds even when the final architecture remains uncertain.\n\nOutput:\n  - Market signal\n  - Strategic/Tier alignment\n  - Evidence / source\n  - Existing solution\n  - Remaining limitation\n  - DELTA\n  - Required function\n  - Candidate architectures\n  - User value\n  - Fitting applicability\n  - Evidence status\n  - Main uncertainty\n  - Problem / Outcome Family\n  - Knowledge IDs: RELEASED / BETA / SOURCE\n  - Knowledge match state: MATCHED / NONE_FOUND / CONFLICTED\n  - Discovery disposition: KEEP / WATCH / DROP\n\nRules:\n  - A competitor feature gap alone is not proof of user need.\n  - Competitor absence is not proof of whitespace.\n  - Missing evidence is UNKNOWN, not negative evidence.\n  - Do not invent user pain or market demand.\n  - Do not force technology into a market problem.\n  - Prefer meaningful outcome DELTA over feature novelty.\n  - Do not deep-research every signal.\n  - Use existing Knowledge Sheet before external research.\n  - Every consequential factual statement must be traceable to evidence or labelled INFERRED / WORKING ASSUMPTION / PROPOSED / UNKNOWN.\n  - 0 qualified opportunities is a valid output."
"RS-11","CURRENT","Claw Tech Push Scout","Daily discovery of transferable technologies, mechanisms and physical capabilities from adjacent or distant industries.","Purpose:\n  Discover technology-transfer opportunities that can create new capabilities in bathroom, shower, faucet and water-fitting products.\n\nInput:\n  [DISCOVERY CONTEXT]: target product/domain/strategic direction when available\n  [KNOWLEDGE CONTEXT]: relevant Tech Radar, Supplier Tech, Competitor Tech, existing ideas and prior Claw learning\n\nTask:\n  - Read existing Tech Radar and prior technology-transfer learning first.\n  - Apply the current Strategic Scope / Tier 1 context before technology search; prioritize Showering Innovation & Technology, especially Wellness/Circularity, and relevant premium differentiation, without force-fitting.\n  - REVIEW MEMORY BEFORE TECHNOLOGY APPLICATION: read REVIEW_MEMORY.md before selecting a fitting application. Compare the proposed user/product outcome and mechanism family against relevant human-reviewed decisions. Do not revive a DROP through sensor/material/location/geometry/package changes without a material DELTA.\n  - KEEP THE TECHNOLOGY/PRODUCT BOUNDARY: a technology may remain a TRANSFER SIGNAL, WATCH or TECHNICAL ENABLER when it is interesting but does not yet create a distinct fitting-level capability and meaningful user/product outcome. Do not force every technology signal into a product idea.\n  - PRODUCT ADMISSION SEQUENCE: require TECHNOLOGY SIGNAL → MECHANISM ABSTRACTION → TRANSFER VIABILITY → FITTING CAPABILITY → MEANINGFUL USER/PRODUCT OUTCOME before admitting a standalone product candidate. Transfer viability alone is not product value.\n  - PROBLEM / OUTCOME FAMILY: when an application targets an existing problem/outcome family, compare outcome and capability before treating a different mechanism as a new idea.\n  - KNOWLEDGE TRACEABILITY: for material technology/baseline claims, record canonical IDs (TR-XXX, ST-XXX, CT-XXX, MS-XXX, SRC-XXX) and label each as RELEASED or BETA. NONE_FOUND is not novelty evidence; never invent IDs.\n  - Search adjacent or distant industries for technologies, mechanisms, materials, architectures and physical principles that demonstrate a transferable capability.\n  - Prefer technology signals with evidence of real implementation rather than speculative concepts.\n  - Abstract each technology as:\n      Source application\n      Function\n      Physical principle\n      Mechanism / architecture\n      Boundary conditions\n      Demonstrated capability\n  - Screen transfer viability for fitting conditions:\n      water\n      pressure\n      temperature\n      wet environment\n      debris / scale\n      cleaning chemicals\n      potable-water contact where relevant\n      package\n      manufacturing\n      cost\n      noise\n      durability / cycle exposure\n  - Use Supplier Tech as supporting evidence only when the capability and source are sufficiently established.\n  - After transfer screening, map surviving mechanisms into fitting insertion points:\n      nozzle\n      spray face\n      waterway\n      cartridge\n      diverter\n      manifold\n      hose\n      rail\n      mixer\n      column\n      connection\n      surface\n      other justified architecture\n  - Generate candidate product/system capabilities only after the mechanism is established.\n\nOutput:\n  - Technology signal\n  - Strategic/Tier alignment\n  - Source application\n  - Physical principle\n  - Mechanism / architecture\n  - Demonstrated capability\n  - Evidence / source\n  - Boundary conditions\n  - Transfer risks\n  - Fitting insertion point\n  - Candidate product capability\n  - Potential user value\n  - Evidence status\n  - Main uncertainty\n  - Problem / Outcome Family\n  - Knowledge IDs: RELEASED / BETA / SOURCE\n  - Knowledge match state: MATCHED / NONE_FOUND / CONFLICTED\n  - Discovery disposition: KEEP / WATCH / DROP\n\nRules:\n  - Mechanism before application.\n  - Commercial availability does not prove shower compatibility.\n  - Supplier component availability does not equal innovation.\n  - Do not turn a known fitting component into a new idea merely by changing its location.\n  - Do not force a user pain point onto every technology signal.\n  - Technology existence does not prove transferability.\n  - Missing evidence is UNKNOWN, not failure.\n  - Do not claim novelty from absence of found precedents.\n  - Avoid technologies already classified as BASELINE unless a materially different capability is demonstrated.\n  - 0 qualified transfer candidates is a valid output."
"RS-12","CURRENT","Claw Idea Convergence","Convert independent Market Pull and Tech Push discoveries into distinct, traceable candidate R&D ideas with an explicit discovery quality gate.","Purpose:\n  Converge independent Market Pull and Tech Push discoveries into a small set of candidate R&D ideas while preventing shallow combinations, duplicates, baseline leakage and technology-first ideas without meaningful product value.\n\nInput:\n  [MARKET PULL OUTPUT]: RS-10 findings\n  [TECH PUSH OUTPUT]: RS-11 findings\n  [KNOWLEDGE CONTEXT]: existing ideas, Knowledge Sheet, Competitor Tech, Supplier Tech and prior Claw learning\n  [PRIOR REVIEW LEARNING]: human-reviewed failure patterns from prior daily reviews and historical batches\n\nTask:\n  - Separate each candidate into:\n      Market Pull origin\n      Tech Push origin\n      Recombination origin\n  - For every candidate identify:\n      Problem / opportunity\n      Existing solution or source technology\n      Remaining DELTA / transferable capability\n      Proposed product/system response\n      User/product benefit\n      Technology / mechanism\n      Fitting insertion point\n      Evidence\n      Main uncertainty\n  - PROBLEM / OUTCOME FAMILY FIRST: assign every candidate to an existing family when applicable before final admission. Compare user/product outcome first, physical capability second, architecture third, mechanism last. If removing the mechanism name leaves the same user/product outcome/capability, treat it as DUPLICATE/RELATED_VARIANT unless a material DELTA is demonstrated.\n  - REVIEW MEMORY + KNOWLEDGE RECONCILIATION: reconcile each candidate against REVIEW_MEMORY.md, relevant previous daily records, IDEA_REVIEW/regression evidence, and canonical Knowledge IDs from RELEASED/BETA. Preserve the scope of prior human decisions; do not convert a prior DROP into a technical impossibility claim.\n  - KNOWLEDGE TRACEABILITY CONTRACT: every WATCH/KEEP candidate must carry relevant MS-XXX, CT-XXX, ST-XXX, TR-XXX, and/or SRC-XXX IDs where evidence exists, with explicit RELEASED/BETA state. If no relevant Knowledge record exists, state NONE_FOUND; never claim novelty from absence. Never invent IDs.\n  - MARKET PULL ADMISSION ORDER: do not let RS-12 rescue a Market Pull candidate that skipped NEED → EXISTING SOLUTION → GAP → DELTA. Architecture generation belongs after that chain.\n  - TECH PUSH ADMISSION ORDER: do not let RS-12 rescue a Tech Push candidate that has mechanism/transfer evidence but no distinct fitting capability and meaningful user/product outcome. It may remain a technical enabler/signal instead.\n  - Perform lightweight duplicate and baseline checks before accepting a candidate.\n  - Apply the Discovery Quality Gate before KEEP/WATCH admission.
  - ITERATIVE DISCOVERY (MANDATORY): A DROP / DUPLICATE is a rejection of that candidate, not a stop condition for the discovery task. After each DROP / DUPLICATE, explicitly compare the rejected candidate with its matched baseline and test whether a materially different user/product outcome, physical capability, or architecture remains. If a defensible DELTA exists, develop it as a clearly differentiated candidate and re-check precedent. If no meaningful DELTA exists, do not rename/repackage it; return to RS-10/RS-11 and search a different problem, technology, mechanism, or application space.
  - Continue this loop until at least one candidate reaches WATCH or better, or a specific hard blocker (e.g. unavailable scope-defining input, inaccessible essential evidence, or exhausted relevant search space) is documented with the exact limitation and next action. WATCH is a discovery stopping threshold only; it does not mean feasibility validated or automatic IDEA_REVIEW admission.
  - Return multiple distinct candidates when supported by evidence; there is no fixed maximum or quota. Do not stop after one candidate merely because it passed, and do not fabricate, split, or weaken candidates to increase count. If no candidate reaches WATCH after a documented bounded search, report the blocker and search coverage rather than claiming success.
  - For every DROP / DUPLICATE, include a continuation record: matched baseline/prior ID, what was tested for DELTA, why it did or did not survive, and whether the next action was differentiated exploration or a new search direction.\n  - Classify each surviving item as PRODUCT IDEA, TECHNICAL ENABLER, VARIANT, BASELINE, DUPLICATE, or DROP as applicable.\n\nDiscovery Quality Gate:\n  1. STRATEGIC SCOPE / TIER ALIGNMENT: verify the candidate fits the active target product and strategic direction before deeper evaluation. For current Tier 1, prioritize Showering Innovation & Technology (especially Wellness / Circularity) and relevant premium differentiation; for Bathroom Fittings, prioritize Design / CMF-led differentiation.\n  2. PRODUCT ARCHITECTURE TRACE: trace technology → physical capability → product architecture → measurable product/user outcome. A physical principle or technology alone is insufficient.\n  3. USER / PRODUCT OUTCOME: state the materially improved user or product outcome and make it observable or testable.\n  4. EXISTING-SOLUTION CHECK: identify whether the same outcome is already adequately solved by a commercial, patent or established technical solution.\n  5. MEANINGFUL DELTA: require a material difference in outcome, physical capability or architecture; mechanism/material/location/geometry variation alone is insufficient.\n  6. PRODUCT VS ENABLER: route mechanisms that mainly enable another product capability to Tech Radar / Knowledge Sheet instead of forcing a standalone product idea.\n  7. COMPLEXITY JUSTIFICATION: when additional BOM, seals, moving parts, actuators, sensors, energy, packaging, manufacturing, noise or durability risk is added, state the benefit that justifies it.\n  8. TRANSFERABILITY: for Tech Push candidates, ensure the demonstrated source capability is credibly transferable under fitting conditions.\n  9. STRONG PAIN / OPPORTUNITY: enforce this as an admission condition, not a descriptive field. Require a materially important user or product problem/opportunity. A technically real problem is insufficient when existing solutions adequately address it and no decision-relevant DELTA remains. Do not use numeric pain scores.\n  10. MARKET SATURATION / PRECEDENT: check early whether an existing commercial category or established solution already delivers the same outcome, using the relevant Knowledge/competitor baseline where available. If no meaningful DELTA remains, classify as VARIANT / BASELINE / DROP rather than creating a new idea.\n  11. FEATURE / VARIANT TEST: treat a new spray pattern, nozzle geometry, material, treatment method, location change or similar implementation variation as a feature/variant unless it creates a materially different user outcome, physical capability or architecture.\n  12. RECOMBINATION VALUE: A+B+C is not innovation by itself. Require evidence that the combination creates a capability or outcome not adequately provided by the components independently.\n  13. SYSTEM BOUNDARY: do not force a water-heater, building-plumbing, upstream-treatment or other system-level architecture into a fitting-level product idea unless a distinct fitting-level capability/outcome is established.\n\nRules:\n  - Reject simple feature copies, CMF variants, position-only changes, supplier-component integration without system-level value, competitor imitation and technology decoration without user/system benefit.\n  - Do not force Market Pull + Tech Push combinations.\n  - Do not create a standalone idea only because a mechanism is novel, exists in another industry, or is technically interesting.\n  - Do not treat a technology as innovation merely because it is new to fittings; establish application fit and a meaningful product outcome.\n  - Preserve evidenced cross-industry technology-transfer candidates when the target application is strategically relevant and transferability remains a genuine research question.\n  - Trace technology → physical capability → product architecture → measurable outcome before admitting a technology-transfer candidate.\n  - Prefer meaningful outcome DELTA over mechanism novelty.\n  - A weak pain point plus a new technology/mechanism is not sufficient for a product idea.\n  - Existing commercial precedent plus only a spray/feature/implementation variation is not sufficient for a new idea.\n  - Recombination must create a materially different outcome, capability or architecture; do not count component aggregation as innovation.\n  - Keep system-level concepts separate from fitting-level innovation unless the fitting itself gains a distinct capability/outcome.\n  - Preserve unconventional but technically plausible and evidence-grounded candidates.\n  - Missing evidence is UNKNOWN, not negative evidence.\n  - Missing competitor precedent does not prove novelty.\n  - A technical enabler may be retained as a technology signal without becoming a product idea.\n  - Quality takes precedence over quantity, but candidate count is not capped at one. Return all distinct candidates supported by the search.\n  - Do not treat 0 qualified candidates as a normal successful stopping state: continue differentiated/new discovery until WATCH or document a hard blocker and bounded search coverage.\n  - Human review remains the final admission authority.\n  - Do not invent evidence or Source IDs.\n\nOutput:\n  - Candidate ID\n  - Discovery lane\n  - Candidate class\n  - Problem / opportunity\n  - Existing solution / source technology\n  - DELTA / transferable capability\n  - Proposed product/system response\n  - User benefit / testable outcome\n  - Technology / mechanism\n  - Fitting application\n  - Evidence / Source IDs\n  - Evidence status\n  - Main uncertainty\n  - Quality Gate result: PASS / WATCH / FAIL\n  - Reason for gate result\n  - Discovery disposition: KEEP / WATCH / DROP\n  - Suggested downstream prompt\n\nHistorical logic restoration from Claw v6 (do not create duplicate gates):\n  - Restore the established Market Pull chain: validated need/user signal → best existing solution → remaining gap → meaningful DELTA → required function → architecture.\n  - Restore the established Tech Push chain: transfer signal → mechanism abstraction → transfer viability → product capability → user/product value → architecture.\n  - Preserve the Common Gate: Need + DELTA + Mechanism + User Value + Fitting Plausibility.\n  - Preserve the rule that raw Market/Tech signals are not product ideas and that technology may remain an enabler/signal.\n  - Preserve DROP scope: close the proposition, retain evidence and learning, and require a material DELTA before re-entry.\n  - Historical learning to apply experimentally:\n  - Reduce technology-first ideas with weak product outcomes.\n  - Detect known/commercial/patent baseline solutions earlier.\n  - Merge duplicates/variants before presenting them as standalone ideas.\n  - Route technical enablers away from standalone product ideas.\n  - Require clearer user/product benefit.\n  - Penalize added complexity without demonstrated benefit.\n  - Do not let installation, maintenance or CI-only improvements enter the product-innovation set unless a clear product/user outcome is established.\n  - Prior review learning to apply in subsequent daily runs:\n  - Apply Strategic Scope / Tier alignment before detailed mechanism/novelty evaluation.\n  - Reject technically valid candidates that are outside active product/strategic scope.\n  - Do not accept physical-principle novelty without a clear product architecture and measurable user/product outcome.\n  - Search for remaining DELTA or unresolved system-level capability, not only reasons to reject against baseline.\n  - Keep evidenced cross-industry technology-transfer candidates when application fit is strategically relevant but transferability is unresolved.\n  - Use canonical Candidate_Class values only: PRODUCT IDEA / TECHNICAL ENABLER / VARIANT / BASELINE / DUPLICATE / DROP.\n  - These are experimental learning rules for subsequent daily runs and remain subject to human review.
  - MANDATORY HISTORICAL RETRIEVAL before RS-12: read the previous 7 available daily records directly under PERSONAL_RESEARCH/ (plus any older record explicitly referenced by a relevant reviewed lesson or matching candidate), REVIEW_MEMORY.md, and relevant reviewed IDEA_REVIEW outcomes / Project Improvement regression cases. Legacy batches/ and staging/ were removed and are not active inputs; do not search for, require, or recreate them. If a required source cannot be read, disclose its exact path and limit duplicate-check claims. Do not assume that mentioning historical learning in this prompt means the records were retrieved.
  - Build an internal duplicate-check ledger for this run with prior Candidate ID/title, problem/outcome, mechanism, fitting application, prior disposition/class, and source file. Compare each new candidate against it semantically, not by title/keyword alone.
  - For each candidate, record duplicate check result: NO_MATCH / RELATED_VARIANT / DUPLICATE, matched prior ID(s), and the material difference if retained. If historical sources could not be read, state exactly which were unavailable and downgrade novelty/duplicate confidence; do not claim a completed historical check.
  - Apply human-reviewed lessons as review heuristics, not as evidence that a candidate is technically invalid. Preserve source provenance and distinguish a prior DROP from a reusable baseline/lesson.
  - LANGUAGE CONTRACT: all user-facing daily report prose, headings, field labels, explanations, and recommendations MUST be written in natural Vietnamese according to TOPICS/E. RnD INNOVATION/1. CAPABILITIES/VIETNAMESE_REWRITE.md. Preserve canonical IDs, enum values, source titles, product/brand names, standards, patent identifiers, and necessary technical terms. Translate display labels; do not leave ordinary English field labels in the report.
  - READABILITY GATE before persistence: inspect the rendered Markdown; ensure Vietnamese headings/labels, short bullets, one main point per bullet, clear separation of evidence/inference/unknown, and no unnecessary English-Vietnamese mixing. If it fails, rewrite before opening the PR."
"GLOBAL","CURRENT","Claw Discovery Execution Date Contract","Applies to RS-10, RS-11 and RS-12.","Execution Date Contract:\n- RUN_DATE is the calendar date of the current invocation in Asia/Ho_Chi_Minh, resolved from the active invocation/runtime date context. Do not require a separate scheduler execution-timestamp field. If only the current local date is available, it is sufficient; clock time is not required. The active schedule runs once daily at 05:00 Asia/Ho_Chi_Minh and RUN_SLOT is unconditionally 01; never derive RUN_SLOT from clock time or timestamp. Any legacy mapping such as 08:00→01, 13:00→02, 18:00→03 is obsolete and must not be applied. RUN_SLOT 02/03 are not active.\n- Never derive RUN_DATE from a previous last-run timestamp, previous daily file, UTC calendar date, or existing filename. If no usable current invocation date is available, report RUN_DATE_UNAVAILABLE and do not write. If timezone conversion around midnight is materially ambiguous, report the ambiguity rather than guessing.\n- Before writing output, use YYYY-MM-DD.md directly under PERSONAL_RESEARCH/ and verify that its date matches RUN_DATE.\n- For RUN_SLOT 01, create the daily record with the slot section. If the date file or slot already exists, read and validate it first. If a complete artifact exists, do not duplicate or overwrite it; report artifact/content validity separately from execution provenance. A MANUAL RECOVERY artifact must remain labelled MANUAL RECOVERY; it may be verified as valid content while scheduled provenance remains NOT_VERIFIED. Missing provenance is not a reason to rerun or create a second artifact for that date. Never overwrite human review or silently replace content.
- Do not wait for or expect RUN_SLOT 02/03. Any such sections in historical records are legacy and do not define the active cadence.\n- If the current invocation date cannot be resolved reliably, do not write a daily record; report RUN_DATE_UNAVAILABLE. A distinct execution timestamp is not required when the active runtime supplies the invocation date."
