Competitor Tech ID,Competitor / Brand,Product / Platform,Product Area,User Function,Technology / Architecture,How It Works,Differentiating Capability,Limitation / Remaining Gap,Maturity,Related Market Signal IDs,Source ID
CT-001,Delta Faucet,H2Okinetic Shower / PowerDrench,Shower,"Deliver stronger-feeling, broader coverage with limited flow",Fluidic channels sculpt water into an oscillating/high-velocity pattern and control droplet size without moving parts.,"Internal channels redirect water into a designed wave/fan pattern, creating the feeling of more water and pressure at the same flow.",Higher perceived pressure/coverage without simply increasing flow; differentiated spray physics.,"Performance is strongly dependent on pressure, geometry and spray tuning; it does not actually increase supply pressure.",Mature,MS-001;MS-017,SRC-222
CT-002,Delta Faucet,TempAssure Thermostatic Technology,Shower,Maintain stable shower temperature,Thermostatic cartridge measures and monitors water temperature and automatically adjusts the hot/cold mix.,Sensing element responds to temperature changes and modulates the mixing mechanism.,Reduces temperature fluctuations while separating temperature and volume control in many configurations.,Adds cartridge complexity and cost; performance still depends on water supply conditions and correct installation.,Mature,MS-004;MS-012,SRC-332
CT-003,Delta Faucet,Touch-Clean Spray Holes,Shower,Make spray-face cleaning easier,Flexible rubber spray outlets allow mineral residue to be wiped away manually.,"Soft elastomer nozzles deform slightly under finger wiping, releasing deposits from the outlet surface.",Simple user-maintenance mechanism with no tool or chemical cleaner required.,Only addresses deposits at the spray face; does not prevent upstream scale or internal fouling.,Mature,MS-015;MS-002,SRC-333
CT-009,hansgrohe,PowderRain,Shower,"Create a softer, more relaxing shower sensation",Thousands of fine microdroplets are produced through a spray outlet architecture designed for a silky sensation.,Spray geometry divides water into many fine droplets to alter skin sensation and acoustic character.,Strong sensory differentiation from conventional rain spray; supports relaxation positioning.,Fine droplets can be more sensitive to pressure/flow conditions and may feel less forceful to users seeking strong spray.,Mature,MS-007;MS-016;MS-017,SRC-099
CT-010,hansgrohe,Rain / PowderRain / Whirl Select,Shower,Switch shower sensation according to activity or mood,Mechanical Select interface switches among multiple spray paths/patterns.,Internal diverter changes the active spray path/nozzle group.,Combines three distinct sensations in one hand shower without separate products.,Adds mechanical parts and does not by itself solve broader personalization or pressure limitations.,Mature,MS-007;MS-016,SRC-348
CT-011,hansgrohe,QuickClean flexible silicone jets,Shower,Remove limescale from shower spray outlets easily,Flexible silicone spray jets can be rubbed clean by hand.,Elastomeric jet openings deform during wiping and release mineral deposits.,Low-effort cleaning with no chemical cleaner or tool.,Limited to accessible spray outlets; internal scale remains possible.,Mature,MS-015;MS-002,SRC-349
CT-012,Moen,U by Moen Smart Shower,Shower,"Personalize shower temperature, outlets and presets","Wi-Fi/cloud-connected digital shower with in-shower controller, smartphone app and voice ecosystem integration.","Digital controller communicates with a valve/control system to manage temperature, outlets and saved presets.",Up to 12 customized presets and remote/app/voice control create strong personalization.,Requires electrical/network infrastructure and app ecosystem; higher complexity than mechanical shower controls.,Mature,MS-006;MS-018;MS-020;MS-014,SRC-336
CT-013,Moen,Magnetix Magnetic Docking,Shower,"Release and dock hand shower easily, including with limited visual attention",Magnetic docking interface snaps the hand shower into a secure position and can support multiple dock heights.,Permanent magnet coupling provides self-aligning attachment/detachment.,"Very simple one-handed docking; secondary dock can support children, pets or seated bathing.",Magnet/docking geometry constrains handle and bracket design; does not itself solve height adjustment for all users.,Mature,MS-005;MS-006;MS-019,SRC-337
CT-015,KOHLER,Anthem Digital Shower,Shower,Control multiple shower functions and personalize a premium shower experience,"Digital controller manages temperature, flow and multiple water/steam outlets; supports presets and optional lighting/sound ecosystem.",Digital interface sends commands to shower valve/outlet system; software stores user settings.,"Combines water, steam, lighting and sound control in one premium platform; supports multiple presets.",High system complexity, electrical/control infrastructure and installation cost; value depends on premium use case.,Mature,MS-007;MS-018;MS-020,SRC-290
CT-018,Delta Faucet,MultiChoice Universal Valve,Shower,Allow shower function/style to be changed without replacing the in-wall rough valve,Universal rough-in architecture supports multiple shower functions and trim configurations.,Common in-wall valve body decouples rough-in from selected trim/function configuration.,Improves product/platform flexibility and can reduce rework during product selection.,Still requires compatible trim architecture; does not itself create a new user benefit.,Mature,MS-018;MS-022,SRC-338
CT-019,RainStick,RainStick Recirculating Shower,Shower,Reduce water and energy use without reducing shower duration/coverage,"Closed-loop shower architecture captures used shower water, adds a controlled supply of fresh water, and recirculates the water through treatment.","Water is collected, continuously cleaned/sanitized through a 3-stage process, reheated as needed, and recirculated during the shower.",Changes the system architecture from once-through water use to real-time recirculation; manufacturer claims up to 80% water and energy savings.,"Requires dedicated collection, treatment, plumbing and control architecture; filtration/sanitation, maintenance, installation and regulatory requirements add complexity.",Commercial / Mature,MS-017;MS-007,SRC-002
CT-020,RainStick,RainStick Real-time Water Cleaning,Shower,Reuse shower water while maintaining hygienic water quality,Integrated real-time multi-stage treatment is used while water circulates instead of relying on a single passive filter.,Circulating water passes through a 3-stage cleaning process before returning to the shower loop.,Combines water recirculation with continuous treatment in the same shower system.,"Treatment performance, consumable life, biofilm control and long-term hygiene require ongoing verification.",Commercial / Mature,MS-002;MS-017,SRC-002
CT-021,hansgrohe,AirPower,Shower,"Create a fuller, softer shower sensation with less splash",The shower head draws air into the water and mixes the two streams before discharge.,"Special intake valves introduce air and swirl it with water, producing larger air-enriched droplets.",Changes droplet volume/sensation without simply increasing water flow; also reduces splash.,"Perceived comfort depends on pressure, spray geometry and user preference; air entrainment does not solve low supply pressure itself.",Mature,MS-001;MS-007;MS-017,SRC-339
CT-022,hansgrohe,EcoSmart / EcoSmart+ Precision Flow Limiting,Shower,Reduce water and hot-water energy use while retaining acceptable shower comfort,An integrated flow limiter varies the effective opening with water pressure and combines flow limitation with spray design/air where applicable.,"A precision O-ring reacts to water pressure: higher pressure narrows the opening while lower pressure allows more flow, controlling water quantity across pressure conditions.",Adaptive flow limiting addresses both resource consumption and pressure variation rather than using a fixed orifice alone.,Still reduces actual water volume; comfort depends on maintaining sufficient pressure and suitable spray design.,Mature,MS-001;MS-017,SRC-340
CT-023,hansgrohe,CoolContact,Shower,Reduce risk of burns from touching a hot shower thermostat surface,Thermal isolation/cooling architecture keeps the outer thermostat housing cooler than the hot water path.,The water-bearing hot components are thermally separated from the touch surface.,Adds contact-surface safety on top of water-temperature control.,Protects against contact burns but does not replace anti-scald temperature regulation.,Mature,MS-004,SRC-341
CT-024,Delta Faucet,Temp2O Hydro-Powered Digital Temperature Display,Shower,Know the shower temperature before stepping into or touching the water,A hydro-powered digital display measures/indicates shower water temperature without batteries and uses color ranges for quick interpretation.,Water flow powers the display; the electronics translate measured temperature into a numeric/colored indication.,Adds direct visual feedback about actual water temperature without requiring a separate powered display.,Display adds electronics and cost; it informs the user but does not itself regulate temperature.,Mature,MS-004;MS-020,SRC-342
CT-025,Delta Faucet,MagnaTite Docking,Shower,Dock and release a hand shower reliably with one hand,An integrated permanent magnet self-aligns the hand shower to its docking position and holds it securely.,Magnetic attraction guides the shower into the bracket and provides retention when docked.,Self-aligning docking is easier to use than a friction cradle and can support secondary docking/accessibility use cases.,"Magnetic force, docking geometry and hose routing constrain the mechanical design; it is an interface improvement rather than a water-performance innovation.",Mature,MS-005;MS-006;MS-019,SRC-343
CT-026,Delta Faucet,ProClean Spray,Shower,Use the shower to remove stubborn residue from surfaces while cleaning,A dedicated high-impact cleaning spray mode concentrates water to clean shower/tub surfaces.,Internal spray geometry creates a stronger targeted jet than normal shower modes.,Extends a shower spray from personal cleansing to cleaning the shower environment.,Requires a higher-impact spray mode and does not replace dedicated cleaning tools for all surfaces.,Mature,MS-005;MS-015,SRC-344
CT-027,KOHLER,Katalyst Air-Induction,Shower,Create a fuller shower sensation at a controlled flow rate,"Air-induction and a redesigned nozzle/waterway pattern introduce air into the spray to create a larger, fuller-feeling stream.",Internal waterway/nozzle geometry and air induction alter the droplet/stream characteristics before discharge.,Combines air induction with a specific nozzle pattern to preserve an indulgent feel at 1.75 gpm.,Actual sensation depends on pressure and user preference; air induction cannot create supply pressure where none exists.,Mature,MS-001;MS-017;MS-007,SRC-345
CT-028,KOHLER,DTV+ Multisensory Shower Control,Shower,"Coordinate water, steam, lighting and music as one personalized shower experience",Digital touchscreen/control architecture manages multiple shower subsystems and presets from a unified interface.,A digital controller sends commands to water valves and connected steam/light/music components; user settings are customizable.,Extends digital shower control from water alone to a multisensory wellness system.,"High system complexity, installation infrastructure and cost; benefits are concentrated in premium applications.",Mature,MS-007;MS-018;MS-020,SRC-346
CT-029,KOHLER,Real Rain,Shower,"Deliver a broad, rain-like shower experience from a large overhead system",Large overhead panel uses an open-rain architecture with a dedicated rain outlet configuration and multiple flow-rate options.,Water exits through a large overhead surface designed around an open-rain pattern; two-function versions provide additional spray functionality.,Focuses on changing the physical character and visual continuity of rain rather than adding digital controls.,"Large size, high cost and installation requirements; experience remains pressure/flow dependent.",Mature,MS-007;MS-013,SRC-347
CT-030,KOHLER,Anthem EvoCycle,Shower,Reduce water use through shower-water reuse,Hybrid smart-shower architecture captures and reuses shower water within an integrated digital shower system.,The system combines water-use management with a dedicated recirculating/reuse architecture and smart controls.,Provides a major architectural alternative to conventional flow reduction by reusing water instead of only limiting flow.,"Adds collection, treatment/control, plumbing and maintenance complexity; requires validation of hygiene, reliability and installation constraints.",Commercial / Emerging,MS-017;MS-002;MS-007,SRC-120
