Source ID,Source Title,Type,URL,Evidence / Why Relevant
SRC-001,Orbital Systems - Circular Shower,Competitor product page,https://orbital-systems.com/,Direct evidence of circular shower architecture and water recirculation.
SRC-002,Orbital Systems - Oasys Shower,Product / technical source,https://orbital-systems.com/oasys/,Evidence for recirculating shower operation and water treatment.
SRC-003,Placeholder source record,Reference,Uploaded source material,Retained source master record.
SRC-004,Placeholder source record,Reference,Uploaded source material,Retained source master record.
SRC-005,Placeholder source record,Reference,Uploaded source material,Retained source master record.
SRC-006,Placeholder source record,Reference,Uploaded source material,Retained source master record.
SRC-007,Fixed droplet / momentum shaping evidence,Technical / patent evidence,Uploaded source material,Evidence for shower spray geometry and fixed fluidic shaping.
SRC-008,Durable anti-scale finish evidence,Technical source,Uploaded source material,Evidence for anti-scale surface treatment.
SRC-009,Surface finish durability evidence,Technical source,Uploaded source material,Evidence for bathroom finish durability.
SRC-010,Placeholder source record,Reference,Uploaded source material,Retained source master record.
SRC-011,Shower recirculation control evidence,Technical source,Uploaded source material,Evidence for sensor-based recirculation control.
SRC-012,Placeholder source record,Reference,Uploaded source material,Retained source master record.
SRC-013,Placeholder source record,Reference,Uploaded source material,Retained source master record.
SRC-014,Placeholder source record,Reference,Uploaded source material,Retained source master record.
SRC-015,Startup heat buffer / heat exchange evidence,Technical source,Uploaded source material,Evidence for startup thermal buffering and water-saving concepts.
SRC-016,Fluidic oscillation shower evidence,Technical / patent evidence,Uploaded source material,Evidence for passive hydraulic oscillation.
SRC-017,Placeholder source record,Reference,Uploaded source material,Retained source master record.
SRC-018,Placeholder source record,Reference,Uploaded source material,Retained source master record.
SRC-019,Anti-scale coating evidence,Technical source,Uploaded source material,Evidence for anti-scale coating and bathroom surface durability.
SRC-020,Placeholder source record,Reference,Uploaded source material,Retained source master record.
SRC-021,Pressure-compensating emitter evidence,Technical source,Uploaded source material,Evidence for pressure compensation and self-flushing emitter concepts.
SRC-022,Self-flushing emitter evidence,Technical source,Uploaded source material,Evidence for pressure-responsive self-cleaning emitter behavior.
SRC-023,Tesla valve / fluidic diode evidence,Technical source,Uploaded source material,Evidence for passive one-way fluidic resistance.
SRC-024,Vortex valve evidence,Technical source,Uploaded source material,Evidence for vortex-based passive fluid control.
SRC-025,Manual filter backwashing evidence,Technical source,Uploaded source material,Evidence for reverse-flow filter cleaning.
SRC-026,Placeholder source record,Reference,Uploaded source material,Retained source master record.
SRC-027,Placeholder source record,Reference,Uploaded source material,Retained source master record.
SRC-028,Flow energy harvesting evidence,Technical source,Uploaded source material,Evidence for water-flow-driven energy harvesting.
SRC-029,Placeholder source record,Reference,Uploaded source material,Retained source master record.
SRC-030,Placeholder source record,Reference,Uploaded source material,Retained source master record.
SRC-031,Placeholder source record,Reference,Uploaded source material,Retained source master record.
SRC-032,Placeholder source record,Reference,Uploaded source material,Retained source master record.
SRC-033,Variable spray-zone routing evidence,Technical / patent source,Uploaded source material,Evidence for selectable shower spray zones.
SRC-034,Reverse-flow filtration evidence,Technical source,Uploaded source material,Evidence for transient backwash concepts.
SRC-035,Directional wettability evidence,Technical source,Uploaded source material,Evidence for directional liquid transport by wettability.
SRC-036,Capillary surface evidence,Technical source,Uploaded source material,Evidence for passive water transport by capillary effects.
SRC-037,PCM thermal buffer evidence,Technical source,Uploaded source material,Evidence for phase-change thermal storage.
SRC-038,Thermal buffer / startup exchange evidence,Technical source,Uploaded source material,Evidence for compact startup heat exchange concepts.
SRC-039,Passive SMA valve evidence,Technical source,Uploaded source material,Evidence for temperature-triggered SMA actuation.
SRC-040,SMA thermal actuation evidence,Technical source,Uploaded source material,Evidence for passive thermal valve concepts.
SRC-041,Bistable compliant mechanism evidence,Technical / academic source,Uploaded source material,Evidence for bistable compliant valves.
SRC-042,Compliant valve mechanism evidence,Technical / academic source,Uploaded source material,Evidence for bistable elastic switching.
SRC-043,Placeholder source record,Reference,Uploaded source material,Retained source master record.
SRC-044,Placeholder source record,Reference,Uploaded source material,Retained source master record.
SRC-045,Placeholder source record,Reference,Uploaded source material,Retained source master record.
SRC-046,Placeholder source record,Reference,Uploaded source material,Retained source master record.
SRC-047,Placeholder source record,Reference,Uploaded source material,Retained source master record.
SRC-048,Pilot-operated diaphragm valve evidence,Technical source,Uploaded source material,Evidence for pilot-operated diaphragm valves.
SRC-049,Spray-zone routing patent/product evidence,Patent / product source,Uploaded source material,Evidence for variable spray-zone routing.
SRC-050,Shower filtration cartridge evidence,Technical / product source,Uploaded source material,Evidence for point-of-use shower filtration.
SRC-051,Hydrocyclone / swirl separator evidence,Technical source,Uploaded source material,Evidence for compact swirl pre-separation.
SRC-052,Thermostatic bypass evidence,Technical / patent source,Uploaded source material,Evidence for temperature-triggered diversion.
SRC-053,Anti-scald fail-safe evidence,Technical / patent source,Uploaded source material,Evidence for thermostatic fail-safe mechanisms.
SRC-054,Adjustable shower arm evidence,Product / patent source,Uploaded source material,Evidence for adjustable shower positioning.
SRC-055,Placeholder source record,Reference,Uploaded source material,Retained source master record.
SRC-056,Discrete shower height mechanism evidence,Patent / product source,Uploaded source material,Evidence for height adjustment mechanisms.
SRC-057,Compact water booster evidence,Product / technical source,Uploaded source material,Evidence for system-level shower boosting.
SRC-058,Dry-break coupling evidence,Technical source,Uploaded source material,Evidence for double-shutoff service couplings.
SRC-059,Placeholder source record,Reference,Uploaded source material,Retained source master record.
SRC-060,Placeholder source record,Reference,Uploaded source material,Retained source master record.
SRC-061,Placeholder source record,Reference,Uploaded source material,Retained source master record.
SRC-062,Placeholder source record,Reference,Uploaded source material,Retained source master record.
SRC-063,Blind-mate fluid coupling evidence,Technical source,Uploaded source material,Evidence for self-centering fluid couplings.
SRC-064,Self-centering coupling evidence,Technical source,Uploaded source material,Evidence for blind-mate coupling architectures.
SRC-065,Dual-resistance spray network evidence,Technical source,Uploaded source material,Evidence for passive spray distribution by hydraulic resistance.
SRC-066,Passive hydraulic oscillation evidence,Technical source,Uploaded source material,Evidence for water-driven oscillating spray mechanisms.
SRC-067,Venturi aeration evidence,Technical source,Uploaded source material,Evidence for air entrainment by Venturi effect.
SRC-068,Spray distribution / trajectory control evidence,Technical / patent source,Uploaded source material,Evidence for spray trajectory and zone routing.
SRC-069,Point-of-use shower filter evidence,Product / technical source,Uploaded source material,Evidence for shower filter cartridges.
SRC-070,Shower filter cartridge maintenance evidence,Technical source,Uploaded source material,Evidence for cartridge pressure loss and maintenance.
SRC-071,Placeholder source record,Reference,Uploaded source material,Retained source master record.
SRC-072,Manual reverse-flow backwash evidence,Technical source,Uploaded source material,Evidence for filter backwashing.
SRC-073,Local heat storage evidence,Technical source,Uploaded source material,Evidence for startup heat buffering.
SRC-074,Startup water-saving heat exchange evidence,Technical source,Uploaded source material,Evidence for reducing cold-water discharge.
SRC-075,Thermal startup buffer evidence,Technical source,Uploaded source material,Evidence for startup heating concepts.
SRC-076,Child-resistant dual-action control evidence,Human factors / patent source,Uploaded source material,Evidence for two-action safety controls.
SRC-077,Thermostatic sequential mixing evidence,Patent / technical source,Uploaded source material,Evidence for cold-first / hot-second sequencing.
SRC-078,Sequential thermal diversion evidence,Patent / technical source,Uploaded source material,Evidence for temperature-triggered flow sequencing.
SRC-079,Positionable body spray evidence,Product / patent source,Uploaded source material,Evidence for positionable body-spray outlets.
SRC-080,Rotatable body spray evidence,Product / patent source,Uploaded source material,Evidence for rotatable fluid outlets.
SRC-081,Adjustable spray outlet evidence,Product / patent source,Uploaded source material,Evidence for adjustable shower spray direction.
SRC-082,Body spray mechanism evidence,Product / patent source,Uploaded source material,Evidence for positionable fluid outlets.
SRC-083,Bathroom positioning mechanism evidence,Product / patent source,Uploaded source material,Evidence for adjustable shower hardware.
SRC-084,Low-force height adjustment evidence,Technical / product source,Uploaded source material,Evidence for easy shower height adjustment.
SRC-085,Stable shower adjustment evidence,Product source,Uploaded source material,Evidence for low-wobble shower supports.
SRC-086,Multi-user shower adjustment evidence,User / product evidence,Uploaded source material,Evidence for family-oriented shower positioning.
SRC-087,Placeholder source record,Reference,Uploaded source material,Retained source master record.
SRC-088,Placeholder source record,Reference,Uploaded source material,Retained source master record.
SRC-089,Placeholder source record,Reference,Uploaded source material,Retained source master record.
SRC-090,Placeholder source record,Reference,Uploaded source material,Retained source master record.
SRC-091,Placeholder source record,Reference,Uploaded source material,Retained source master record.
SRC-092,Placeholder source record,Reference,Uploaded source material,Retained source master record.
SRC-093,Placeholder source record,Reference,Uploaded source material,Retained source master record.
SRC-094,Placeholder source record,Reference,Uploaded source material,Retained source master record.
SRC-095,Placeholder source record,Reference,Uploaded source material,Retained source master record.
SRC-096,Placeholder source record,Reference,Uploaded source material,Retained source master record.
SRC-097,Placeholder source record,Reference,Uploaded source material,Retained source master record.
SRC-098,Shower acoustic optimization evidence,Technical / patent source,Uploaded source material,Evidence for shower spray acoustic behavior.
SRC-099,Noise control shower evidence,Technical / patent source,Uploaded source material,Evidence for reducing shower spray noise.
SRC-100,Acoustic spray design evidence,Technical / patent source,Uploaded source material,Evidence for acoustic optimization of spray.
SRC-101,Spray trajectory control evidence,Patent / product source,Uploaded source material,Evidence for fluidic jet steering.
SRC-102,Fluidic trajectory evidence,Patent / technical source,Uploaded source material,Evidence for spray trajectory shaping.
SRC-103,Placeholder source record,Reference,Uploaded source material,Retained source master record.
SRC-104,Placeholder source record,Reference,Uploaded source material,Retained source master record.
SRC-105,Placeholder source record,Reference,Uploaded source material,Retained source master record.
SRC-106,Self-healing clearcoat evidence,Technical source,Uploaded source material,Evidence for self-healing polymer coatings.
SRC-107,In-mold coating evidence,Process source,Uploaded source material,Evidence for in-mold clearcoat processes.
SRC-108,Self-healing surface evidence,Technical source,Uploaded source material,Evidence for self-healing surfaces.
SRC-109,Sanitaryware surface coating evidence,Technical source,Uploaded source material,Evidence for coating durability in sanitaryware.
SRC-110,Placeholder source record,Reference,Uploaded source material,Retained source master record.
SRC-111,Placeholder source record,Reference,Uploaded source material,Retained source master record.
SRC-112,Placeholder source record,Reference,Uploaded source material,Retained source master record.
SRC-113,Bottle-free wash evidence,Product source,Uploaded source material,Evidence for shower additive / soap infusion.
SRC-114,Placeholder source record,Reference,Uploaded source material,Retained source master record.
SRC-115,Assisted bathing additive evidence,Product / technical source,Uploaded source material,Evidence for accessible bathing functions.
SRC-116,Placeholder source record,Reference,Uploaded source material,Retained source master record.
SRC-117,Placeholder source record,Reference,Uploaded source material,Retained source master record.
SRC-118,Water-use feedback evidence,Product / technical source,Uploaded source material,Evidence for water-use feedback interfaces.
SRC-119,Water consumption feedback evidence,Product / technical source,Uploaded source material,Evidence for usage feedback and nudges.
SRC-120,Shower water metering evidence,Technical source,Uploaded source material,Evidence for local water-use measurement.
SRC-121,Waste-water heat recovery evidence,Technical source,Uploaded source material,Evidence for shower heat recovery.
SRC-122,Shower drain heat exchanger evidence,Technical source,Uploaded source material,Evidence for drain-water heat exchange.
SRC-123,Domestic shower heat recovery evidence,Technical source,Uploaded source material,Evidence for water and energy savings by heat recovery.
SRC-124,Placeholder source record,Reference,Uploaded source material,Retained source master record.
SRC-125,Placeholder source record,Reference,Uploaded source material,Retained source master record.
SRC-126,Placeholder source record,Reference,Uploaded source material,Retained source master record.
SRC-127,Adjustable shower arm patent evidence,Patent source,Uploaded source material,Evidence for adjustable shower arm architecture.
SRC-128,Sliding shower rail evidence,Product / patent source,Uploaded source material,Evidence for sliding shower rail mechanisms.
SRC-129,Telescopic shower positioning evidence,Patent / product source,Uploaded source material,Evidence for telescopic shower adjustment.
SRC-130,Counterbalanced shower arm evidence,Patent / product source,Uploaded source material,Evidence for counterbalanced positioning.
SRC-131,Friction-lock shower adjustment evidence,Patent / product source,Uploaded source material,Evidence for friction-lock adjustment.
SRC-132,Height-adjustable shower hardware evidence,Product source,Uploaded source material,Evidence for height-adjustable shower supports.
SRC-133,Shower positioning mechanism evidence,Patent source,Uploaded source material,Evidence for shower positioning.
SRC-134,Two-action child-resistant control evidence,Human factors source,Uploaded source material,Evidence for dual-action controls.
SRC-135,Child-safety shower control evidence,Human factors source,Uploaded source material,Evidence for child-resistant shower controls.
SRC-136,Push-turn interlock evidence,Human factors / patent source,Uploaded source material,Evidence for two-action interlocks.
SRC-137,Squeeze-turn interlock evidence,Human factors / patent source,Uploaded source material,Evidence for coordinated safety actions.
SRC-138,Multi-axis control safety evidence,Human factors source,Uploaded source material,Evidence for multi-axis safety controls.
SRC-139,Child-resistant control mechanism evidence,Patent source,Uploaded source material,Evidence for control interlocks.
SRC-140,Packaging safety interlock transfer evidence,Transfer technology source,Uploaded source material,Evidence for human-factor transfer into shower controls.
SRC-141,Human-factor interlock evidence,Technical source,Uploaded source material,Evidence for coordinated control actions.
SRC-142,Child safety mechanism evidence,Patent source,Uploaded source material,Evidence for dual-action safety mechanisms.
SRC-143,Control lockout evidence,Patent source,Uploaded source material,Evidence for control lockouts.
SRC-144,Rotational safety interlock evidence,Patent source,Uploaded source material,Evidence for rotation-limited controls.
SRC-145,Push-and-turn safety evidence,Patent source,Uploaded source material,Evidence for push-and-turn interlock designs.
SRC-146,Child-safe product control evidence,Human factors source,Uploaded source material,Evidence for child-safe controls.
SRC-147,Shower safety control transfer evidence,Transfer source,Uploaded source material,Evidence for applying human-factor controls to shower.
SRC-148,Two-step actuation evidence,Technical source,Uploaded source material,Evidence for two-step controls.
SRC-149,Human factors safety evidence,Technical source,Uploaded source material,Evidence for dual-action controls.
SRC-150,Fluidic jet steering patent evidence,Patent source,Uploaded source material,Evidence for fluidic spray trajectory control.
SRC-151,Spray trajectory control evidence,Patent / technical source,Uploaded source material,Evidence for directional spray architecture.
SRC-152,Selective nozzle routing evidence,Patent source,Uploaded source material,Evidence for selective spray outlet routing.
SRC-153,Variable spray pattern evidence,Product / patent source,Uploaded source material,Evidence for variable spray trajectories.
SRC-154,Droplet momentum shaping evidence,Technical source,Uploaded source material,Evidence for droplet and momentum shaping.
SRC-155,Thermal retention spray geometry evidence,Technical source,Uploaded source material,Evidence for reducing spray heat loss and shaping droplets.
SRC-156,Water-air-soap foam evidence,Product / technical source,Uploaded source material,Evidence for foam generation and personal care.
SRC-157,Soap infusion shower evidence,Product source,Uploaded source material,Evidence for additive infusion in shower water.
SRC-158,Bubble shower evidence,Product source,Uploaded source material,Evidence for water-air foam generation.
SRC-159,Wellness foam shower evidence,Product source,Uploaded source material,Evidence for assisted-bathing and wellness foam.
SRC-160,Water-air-chemical mixing evidence,Product / technical source,Uploaded source material,Evidence for water-air-soap foam architectures.
SRC-161,Shower additive delivery evidence,Product source,Uploaded source material,Evidence for bottle-free additive delivery.
SRC-162,Personal care shower evidence,Product source,Uploaded source material,Evidence for personal-care shower functions.
SRC-163,Placeholder source record,Reference,Uploaded source material,Retained source master record.
SRC-164,Placeholder source record,Reference,Uploaded source material,Retained source master record.
SRC-165,Placeholder source record,Reference,Uploaded source material,Retained source master record.
SRC-166,Placeholder source record,Reference,Uploaded source material,Retained source master record.
SRC-167,Placeholder source record,Reference,Uploaded source material,Retained source master record.
SRC-168,Placeholder source record,Reference,Uploaded source material,Retained source master record.
SRC-169,Placeholder source record,Reference,Uploaded source material,Retained source master record.
SRC-170,Placeholder source record,Reference,Uploaded source material,Retained source master record.
SRC-171,Placeholder source record,Reference,Uploaded source material,Retained source master record.
SRC-172,Placeholder source record,Reference,Uploaded source material,Retained source master record.
SRC-173,Placeholder source record,Reference,Uploaded source material,Retained source master record.
SRC-174,Placeholder source record,Reference,Uploaded source material,Retained source master record.
SRC-175,Placeholder source record,Reference,Uploaded source material,Retained source master record.
SRC-176,Placeholder source record,Reference,Uploaded source material,Retained source master record.
SRC-177,Placeholder source record,Reference,Uploaded source material,Retained source master record.
SRC-178,Placeholder source record,Reference,Uploaded source material,Retained source master record.
SRC-179,Placeholder source record,Reference,Uploaded source material,Retained source master record.
SRC-180,Placeholder source record,Reference,Uploaded source material,Retained source master record.
SRC-181,Placeholder source record,Reference,Uploaded source material,Retained source master record.
SRC-182,Placeholder source record,Reference,Uploaded source material,Retained source master record.
SRC-183,Placeholder source record,Reference,Uploaded source material,Retained source master record.
SRC-184,Placeholder source record,Reference,Uploaded source material,Retained source master record.
SRC-185,Placeholder source record,Reference,Uploaded source material,Retained source master record.
SRC-186,Placeholder source record,Reference,Uploaded source material,Retained source master record.
SRC-187,Flow-metering / shower energy harvesting evidence,Technical source,Uploaded source material,Evidence for flow energy harvesting in shower metering.
SRC-188,Hydro-powered shower display evidence,Product / technical source,Uploaded source material,Evidence for flow-driven display and sensing.
SRC-189,Water-flow-powered electronics evidence,Technical source,Uploaded source material,Evidence for local power generation from shower flow.
SRC-190,Water-use display evidence,Product source,Uploaded source material,Evidence for local water-use feedback.
SRC-191,Flow counter evidence,Technical source,Uploaded source material,Evidence for local shower flow measurement.
SRC-192,Hydro-powered water meter evidence,Technical source,Uploaded source material,Evidence for flow energy harvesting in water metering.
SRC-193,Water feedback interface evidence,Product source,Uploaded source material,Evidence for behavioral water-saving interfaces.
SRC-194,Shower consumption feedback evidence,Product source,Uploaded source material,Evidence for usage feedback.
SRC-195,Water-saving nudge evidence,Product / behavioral source,Uploaded source material,Evidence for water-use nudges.
SRC-196,Shower filter cartridge product evidence,Product source,Uploaded source material,Evidence for point-of-use shower filtration products.
SRC-197,Shower filter housing evidence,Product source,Uploaded source material,Evidence for filter housings and cartridge architectures.
SRC-198,Shower filtration pressure loss evidence,Technical source,Uploaded source material,Evidence for pressure loss in shower filters.
SRC-199,Shower filtration maintenance evidence,Technical source,Uploaded source material,Evidence for filter replacement and maintenance.
SRC-200,Shower filter contaminant-removal evidence,Technical source,Uploaded source material,Evidence for filtration performance.
SRC-201,Inline shower filter evidence,Product source,Uploaded source material,Evidence for inline point-of-use shower filters.
SRC-202,Shower filter media evidence,Technical source,Uploaded source material,Evidence for filtration media used in shower systems.
SRC-203,Shower filter cartridge size evidence,Product / technical source,Uploaded source material,Evidence for cartridge packaging and dimensions.
SRC-204,Shower filter lifetime evidence,Technical source,Uploaded source material,Evidence for filter capacity and service interval.
SRC-205,Thermostatic shower cartridge evidence,Product / technical source,Uploaded source material,Evidence for thermostatic shower valves.
SRC-206,Pressure-balanced shower valve evidence,Product / technical source,Uploaded source material,Evidence for pressure-balanced temperature control.
SRC-207,Thermostatic mixer patent evidence,Patent source,Uploaded source material,Evidence for thermostatic mixing architecture.
SRC-208,Thermostatic temperature stability evidence,Technical source,Uploaded source material,Evidence for stable shower outlet temperature.
SRC-209,Anti-scald shower valve evidence,Product / technical source,Uploaded source material,Evidence for anti-scald protection.
SRC-210,Digital shower temperature control evidence,Product source,Uploaded source material,Evidence for digital shower temperature controls.
SRC-211,Thermostatic valve compact architecture evidence,Patent / product source,Uploaded source material,Evidence for compact thermostatic architectures.
SRC-212,Shower thermal control evidence,Technical source,Uploaded source material,Evidence for thermal control in shower systems.
SRC-213,Pressure-balanced valve patent evidence,Patent source,Uploaded source material,Evidence for pressure-balanced valves.
SRC-214,Thermostatic diverter evidence,Patent / technical source,Uploaded source material,Evidence for thermostatic diversion.
SRC-215,Shower temperature safety evidence,Technical source,Uploaded source material,Evidence for temperature safety mechanisms.
SRC-216,Placeholder source record,Reference,Uploaded source material,Retained source master record.
SRC-217,Fixed droplet shaping evidence,Technical source,Uploaded source material,Evidence for fixed fluidic droplet shaping.
SRC-218,Momentum shaping shower nozzle evidence,Technical source,Uploaded source material,Evidence for momentum shaping in shower nozzles.
SRC-219,Pressure-responsive shower nozzle patent evidence,Patent source,Uploaded source material,Evidence for variable-aperture pressure-responsive nozzles.
SRC-220,Pressure-compensating shower nozzle evidence,Patent / product source,Uploaded source material,Evidence for pressure-responsive shower spray architectures.
SRC-221,Variable-aperture spray evidence,Technical / patent source,Uploaded source material,Evidence for elastomeric variable-aperture spray nozzles.
SRC-222,Fixed spray droplet evidence,Technical source,Uploaded source material,Evidence for fixed fluidic droplet shaping.
SRC-223,FlexPower / pressure-adaptive shower evidence,Patent / product source,Uploaded source material,Evidence for pressure-adaptive shower spray.
SRC-224,Placeholder source record,Reference,Uploaded source material,Retained source master record.
SRC-225,Positionable body spray product evidence,Product source,Uploaded source material,Evidence for positionable body sprays.
SRC-226,Rotatable body spray product evidence,Product source,Uploaded source material,Evidence for rotatable body sprays.
SRC-227,Body spray positioning patent evidence,Patent source,Uploaded source material,Evidence for positionable fluid outlets.
SRC-228,Adjustable body spray evidence,Product / patent source,Uploaded source material,Evidence for adjustable shower outlets.
SRC-229,Eco / boost shower flow patent evidence,Patent source,Uploaded source material,Evidence for dual-level eco/boost flow control.
SRC-230,Momentary boost flow evidence,Product / patent source,Uploaded source material,Evidence for temporary high-flow override.
SRC-231,Auto-return flow control evidence,Patent source,Uploaded source material,Evidence for automatic return to eco mode.
SRC-232,Placeholder source record,Reference,Uploaded source material,Retained source master record.
SRC-233,Placeholder source record,Reference,Uploaded source material,Retained source master record.
SRC-234,Placeholder source record,Reference,Uploaded source material,Retained source master record.
SRC-235,Fluidic oscillation patent evidence,Patent source,Uploaded source material,Evidence for water-driven oscillating spray.
SRC-236,Placeholder source record,Reference,Uploaded source material,Retained source master record.
SRC-237,Placeholder source record,Reference,Uploaded source material,Retained source master record.
SRC-238,Fluidic jet steering evidence,Patent source,Uploaded source material,Evidence for fluidic jet steering.
SRC-239,Spray trajectory control product evidence,Product / patent source,Uploaded source material,Evidence for trajectory and zone control.
SRC-240,Magnetic coupling barrier evidence,Industrial equipment source,Uploaded source material,Evidence for magnetic coupling through sealed barriers.
SRC-241,Magnetic drive coupling evidence,Technical source,Uploaded source material,Evidence for wet/dry magnetic drive coupling.
SRC-242,Rolling diaphragm seal evidence,Technical source,Uploaded source material,Evidence for rolling diaphragm dynamic seals.
SRC-243,Rolling diaphragm actuator evidence,Technical source,Uploaded source material,Evidence for low-friction pressure actuation.
SRC-244,SLIPS surface evidence,Academic / technical source,Uploaded source material,Evidence for liquid-infused slippery surfaces.
SRC-245,Liquid-infused surface durability evidence,Technical source,Uploaded source material,Evidence for slippery liquid-infused surface stability.
SRC-246,LCE low-temperature actuation evidence,Academic / technical source,Uploaded source material,Evidence for low-temperature liquid crystal elastomer actuation.
SRC-247,LCE smart material evidence,Academic / technical source,Uploaded source material,Evidence for thermally actuated liquid crystal elastomers.
SRC-248,Electropermanent magnet valve evidence,Technical source,Uploaded source material,Evidence for electropermanent-magnet latching.
SRC-249,Electropermanent magnet actuation evidence,Technical source,Uploaded source material,Evidence for low-power latching mechanisms.
SRC-250,Solid-liquid triboelectric flow sensing evidence,Academic / technical source,Uploaded source material,Evidence for triboelectric flow sensing.
SRC-251,Triboelectric water-flow sensor evidence,Technical source,Uploaded source material,Evidence for water-flow measurement without mechanical turbine.
SRC-252,Magnetorheological flow valve evidence,Academic / technical source,Uploaded source material,Evidence for magnetorheological flow control.
SRC-253,Magnetorheological elastomer valve evidence,Technical source,Uploaded source material,Evidence for magnetically controlled soft flow valves.
SRC-254,Placeholder source record,Reference,Uploaded source material,Retained source master record.
SRC-255,Placeholder source record,Reference,Uploaded source material,Retained source master record.
SRC-256,Coanda fluidic switching evidence,Technical source,Uploaded source material,Evidence for load-sensitive Coanda switching.
SRC-257,Water Coanda switching evidence,Technical / prototype source,Uploaded source material,Evidence for Coanda switching in water.
SRC-258,Jamming variable stiffness evidence,Academic / prototype source,Uploaded source material,Evidence for jamming-based shape locking.
SRC-259,Jamming shower support evidence,Patent / product source,Uploaded source material,Evidence for variable-stiffness shower supports.
SRC-260,Placeholder source record,Reference,Uploaded source material,Retained source master record.
SRC-261,Placeholder source record,Reference,Uploaded source material,Retained source master record.
SRC-262,Self-healing elastomer seal evidence,Academic / technical source,Uploaded source material,Evidence for water-compatible self-healing elastomer seals.
SRC-263,Self-healing underwater material evidence,Academic / technical source,Uploaded source material,Evidence for self-healing materials in wet environments.
SRC-264,Self-healing hydraulic seal patent evidence,Patent source,Uploaded source material,Evidence for self-healing hydraulic seals.
SRC-265,Piezo fouling cleaning evidence,Technical source,Uploaded source material,Evidence for piezo-assisted fouling removal.
SRC-266,Ultrasonic shower cleaning evidence,Technical source,Uploaded source material,Evidence for ultrasonic cleaning of water paths.
SRC-267,Ultrasonic anti-scale evidence,Technical source,Uploaded source material,Evidence for ultrasonic fouling reduction.
SRC-268,Placeholder source record,Reference,Uploaded source material,Retained source master record.
SRC-269,Placeholder source record,Reference,Uploaded source material,Retained source master record.
SRC-270,Jamming structure patent evidence,Patent source,Uploaded source material,Evidence for jamming-based shape locking.
SRC-271,Placeholder source record,Reference,Uploaded source material,Retained source master record.
SRC-272,Placeholder source record,Reference,Uploaded source material,Retained source master record.
SRC-273,Placeholder source record,Reference,Uploaded source material,Retained source master record.
SRC-274,Piezo ultrasonic fouling patent evidence,Patent source,Uploaded source material,Evidence for piezo-assisted fouling removal.
SRC-275,Ultrasonic cleaning device evidence,Product / technical source,Uploaded source material,Evidence for ultrasonic water-path cleaning.
SRC-276,Placeholder source record,Reference,Uploaded source material,Retained source master record.
SRC-277,Placeholder source record,Reference,Uploaded source material,Retained source master record.
SRC-278,Market signal: low / fluctuating shower pressure,Market pull,Uploaded source material,User need evidence for useful shower spray under low or fluctuating pressure.
SRC-279,Placeholder source record,Reference,Uploaded source material,Retained source master record.
SRC-280,Placeholder source record,Reference,Uploaded source material,Retained source master record.
SRC-281,Market signal: premium shower experience,Market pull,Uploaded source material,User need evidence for comfort coverage and premium shower experience.
SRC-282,Market signal / technology landscape: smart and sustainable shower,Market pull / tech push,Uploaded source material,Evidence supporting smart shower, sustainability and premium technology landscape.
SRC-283,Market signal: shower filtration,Market pull,Uploaded source material,User need evidence for shower water quality and filtration.
SRC-284,Bathroom technology landscape / KBIS evidence,Competitor / market landscape,Uploaded source material,Broad bathroom technology evidence including filtration personal care ozone and connected systems.
SRC-285,Concealed shower digital architecture evidence,Competitor / product source,Uploaded source material,Evidence for concealed digital shower architecture.
SRC-286,Hydro-powered faucet / shower interaction evidence,Competitor / product source,Uploaded source material,Evidence for hydro-powered feedback and Hall-sensor activation.
SRC-287,Smart bathroom technology landscape evidence,Competitor / market landscape,Uploaded source material,Evidence for digital shower and smart bathroom ecosystems.
SRC-288,Pressure-compensated priority flow divider evidence,Technical source,Uploaded source material,Evidence for pressure-compensated priority flow control.
SRC-289,Priority flow valve evidence,Technical source,Uploaded source material,Evidence for priority flow regulation.
SRC-290,Load-sensitive flow divider evidence,Technical source,Uploaded source material,Evidence for passive flow allocation.
SRC-291,Priority flow control patent evidence,Patent source,Uploaded source material,Evidence for priority flow divider architectures.
SRC-292,Placeholder source record,Reference,Uploaded source material,Retained source master record.
SRC-293,Placeholder source record,Reference,Uploaded source material,Retained source master record.
SRC-294,Electropermanent magnet valve prototype evidence,Prototype / technical source,Uploaded source material,Evidence for low-power magnetic latching valves.
SRC-295,Placeholder source record,Reference,Uploaded source material,Retained source master record.
SRC-296,Dynamic elastomer fouling-release evidence,Academic / technical source,Uploaded source material,Evidence for surface-strain fouling release.
SRC-297,Elastomer antifouling surface evidence,Technical source,Uploaded source material,Evidence for dynamic elastomer fouling release.
SRC-298,Placeholder source record,Reference,Uploaded source material,Retained source master record.
SRC-299,Placeholder source record,Reference,Uploaded source material,Retained source master record.
SRC-300,Placeholder source record,Reference,Uploaded source material,Retained source master record.
SRC-301,Eddy-current damping evidence,Technical source,Uploaded source material,Evidence for passive eddy-current rotary damping.
SRC-302,Placeholder source record,Reference,Uploaded source material,Retained source master record.
SRC-303,Placeholder source record,Reference,Uploaded source material,Retained source master record.
SRC-304,Ordered anti-biofilm microtopography evidence,Academic / technical source,Uploaded source material,Evidence for anti-biofilm microtopography.
SRC-305,Bioinspired antimicrobial microtexture evidence,Academic / technical source,Uploaded source material,Evidence for microstructured anti-biofilm surfaces.
SRC-306,Riblet drag-reduction evidence,Academic / technical source,Uploaded source material,Evidence for riblet surfaces and flow drag reduction.
SRC-307,Drinking-water riblet pipeline evidence,Technical source,Uploaded source material,Evidence for riblet application in water pipelines.
SRC-308,Placeholder source record,Reference,Uploaded source material,Retained source master record.
SRC-309,Placeholder source record,Reference,Uploaded source material,Retained source master record.
SRC-310,Placeholder source record,Reference,Uploaded source material,Retained source master record.
SRC-311,Anti-biofilm surface transfer evidence,Technical source,Uploaded source material,Evidence for anti-biofilm surface concepts relevant to water paths.
SRC-312,Dynamic fouling-release transfer evidence,Technical source,Uploaded source material,Evidence for dynamic fouling-release transfer.
SRC-313,Placeholder source record,Reference,Uploaded source material,Retained source master record.
SRC-314,Placeholder source record,Reference,Uploaded source material,Retained source master record.
SRC-315,NiTi braid reinforcement evidence,Medical / technical source,Uploaded source material,Evidence for superelastic NiTi braid reinforcement.
SRC-316,Flexible tubing NiTi evidence,Technical source,Uploaded source material,Evidence for anti-kink NiTi reinforcement.
SRC-317,Pressure-deploying variable-area filter evidence,Patent source,Uploaded source material,Evidence for filter area deployment with pressure/load.
SRC-318,Placeholder source record,Reference,Uploaded source material,Retained source master record.
SRC-319,Placeholder source record,Reference,Uploaded source material,Retained source master record.
SRC-320,Placeholder source record,Reference,Uploaded source material,Retained source master record.
SRC-321,Placeholder source record,Reference,Uploaded source material,Retained source master record.
SRC-322,Structural-color nanotopography evidence,Technical / optics source,Uploaded source material,Evidence for injection-molded structural color.
SRC-323,Structural-color polymer replication evidence,Technical source,Uploaded source material,Evidence for scalable nanostructured polymer replication.
SRC-324,Placeholder source record,Reference,Uploaded source material,Retained source master record.
SRC-325,Placeholder source record,Reference,Uploaded source material,Retained source master record.
SRC-326,Microcellular foam injection molding evidence,Technical / process source,Uploaded source material,Evidence for microcellular foam injection molding.
SRC-327,Polymer foaming injection process evidence,Technical source,Uploaded source material,Evidence for lightweight molded polymer structures.
SRC-328,Bistable compliant valve transfer evidence,Technical / academic source,Uploaded source material,Evidence for bistable compliant valve mechanism.
SRC-329,Compliant switching transfer evidence,Technical / academic source,Uploaded source material,Evidence for compliant bistable switching.
SRC-330,Placeholder source record,Reference,Uploaded source material,Retained source master record.
SRC-331,Placeholder source record,Reference,Uploaded source material,Retained source master record.
SRC-332,Delta H2Okinetic product evidence,Competitor product page,https://www.deltafaucet.com/bathroom/showering/shopby/technology/h2okinetic-technology,Direct evidence for Delta H2Okinetic spray technology and water-saving shower performance.
SRC-333,hansgrohe PowderRain product evidence,Competitor product page,https://www.hansgrohe.com/,Direct evidence for PowderRain fine-droplet spray technology.
SRC-334,hansgrohe Select product evidence,Competitor product page,https://www.hansgrohe.com/,Direct evidence for integrated Select spray selection.
SRC-335,hansgrohe QuickClean product evidence,Competitor product page,https://www.hansgrohe.com/,Direct evidence for QuickClean easy-clean nozzle technology.
SRC-336,hansgrohe AirPower product evidence,Competitor product page,https://www.hansgrohe.com/,Direct evidence for AirPower air-enriched spray.
SRC-337,hansgrohe EcoSmart / EcoSmart+ product evidence,Competitor product page,https://www.hansgrohe.com/,Direct evidence for water-saving flow control and EcoSmart technology.
SRC-338,Delta TempAssure product evidence,Competitor product page,https://www.deltafaucet.com/bathroom/showering/shopby/technology/tempassure,Direct evidence for TempAssure thermostatic temperature control.
SRC-339,Delta Touch-Clean product evidence,Competitor product page,https://www.deltafaucet.com/bathroom/showering/shopby/technology/touchclean,Direct evidence for Touch-Clean nozzle cleaning.
SRC-340,Delta MultiChoice Universal Valve evidence,Competitor product page,https://www.deltafaucet.com/,Direct evidence for MultiChoice Universal valve architecture.
SRC-341,Delta Temp2O product evidence,Competitor product page,https://www.deltafaucet.com/,Direct evidence for hydro-powered shower temperature display.
SRC-342,Delta MagnaTite product evidence,Competitor product page,https://www.deltafaucet.com/,Direct evidence for MagnaTite magnetic docking.
SRC-343,Delta ProClean product evidence,Competitor product page,https://www.deltafaucet.com/,Direct evidence for ProClean spray-face cleaning-oriented architecture.
SRC-344,KOHLER Anthem / DTV+ product evidence,Competitor product page,https://www.kohler.com/,Direct evidence for digital shower control and motorized mixing.
SRC-345,KOHLER Katalyst product evidence,Competitor product page,https://www.kohler.com/,Direct evidence for Katalyst air-induction spray.
SRC-346,KOHLER Real Rain product evidence,Competitor product page,https://www.kohler.com/,Direct evidence for Real Rain natural rain spray architecture.
SRC-347,KOHLER Anthem EvoCycle evidence,Competitor product page,https://www.kohler.com/,Direct evidence for shower-water recirculation architecture.
SRC-348,Moen U by Moen Smart Shower evidence,Competitor product page,https://www.moen.com/,Direct evidence for connected digital shower control.
SRC-349,Moen Magnetix product evidence,Competitor product page,https://www.moen.com/,Direct evidence for Magnetix magnetic hand-shower docking.
SRC-350,Runner product proposal / LIXIL visit evidence,Supplier catalog / presentation,Uploaded supplier source material,Runner supplier evidence for shower/faucet technologies and mechanisms.
SRC-351,Runner LIXIL product proposal evidence,Supplier catalog / presentation,Uploaded supplier source material,Runner evidence for filtered faucet, spray and waterway technologies.
SRC-352,Lota supplier technology evidence,Supplier catalog / presentation,Uploaded supplier source material,Lota evidence for filtration, magnetic docking, pressure-sensing and spray technologies.
SRC-353,Sedal supplier technology evidence,Supplier catalog / presentation,Uploaded supplier source material,Sedal evidence for cartridges, cold-start, water-saving and thermostatic technologies.
SRC-354,Hent supplier technology evidence,Supplier catalog / presentation,Uploaded supplier source material,Hent evidence for push-button and thermostatic cartridge technologies.
SRC-355,Solex supplier technology evidence,Supplier catalog / presentation,Uploaded supplier source material,Solex evidence for thermostatic, pressure-adaptive spray, anti-scale and shower hardware technologies.
SRC-356,Seagull supplier technology evidence,Supplier catalog / presentation,Uploaded supplier source material,Seagull evidence for ozone, smart shower controls and flow-synchronized functions.
SRC-357,Jandao Group / Waternym supplier technology evidence,Supplier catalog / presentation,Uploaded supplier source material,Jandao evidence for anti-clogging, reverse-flush and multi-pressure shower panel technologies.
SRC-358,Yizhan supplier technology evidence,Supplier catalog / presentation,Uploaded supplier source material,Yizhan evidence for push-button diverter, hot-cold control and water-saving cartridge technologies.
SRC-359,Additional supplier evidence - Yizhan / source bundle,Supplier source bundle,Uploaded supplier source material,Supporting evidence included in the supplied Yizhan material set.
SRC-360,Additional supplier evidence - supplier source bundle,Supplier source bundle,Uploaded supplier source material,Supporting evidence included in the supplied supplier material set.
