Tech ID,Technology,Source Industry,Maturity,Claw Role,Discovery Class,Nguyên lý / Cơ chế,Ứng dụng / Giá trị tiềm năng,Supplier Tech IDs,Competitor Tech IDs,Market Signal IDs,Source IDs
TR-001,Pressure-Compensating Self-Flushing Emitters,Irrigation,Commercial Mature,ACTIVE ENABLER,ACTIVE ENABLER,Màng đàn hồi tự thay đổi sức cản thủy lực theo áp suất; hình học emitter còn hỗ trợ tự xả cặn khi điều kiện dòng thay đổi.,Tham chiếu cho hệ sen cần giữ lưu lượng ổn định khi áp suất dao động và hỗ trợ tự rửa lỗ phun. Không coi việc sao chép emitter tưới tiêu là điểm mới.,ST-020;ST-034,CT-001,MS-001;MS-017,SRC-021;SRC-022
TR-002,Pilot-Operated Diaphragm Valves,Industrial Valves / Dust Collection,Commercial Mature,WATCH,TRANSFER SIGNAL,Dòng hoặc áp pilot nhỏ tác động lên màng để điều khiển cửa dòng chính có lưu lượng lớn.,"Có thể dùng cho diverter hoặc chia vùng cần lực tác động nhỏ. Cần kiểm tra độ nhạy với cặn, độ trễ chuyển trạng thái và tổn thất áp suất trong nước sinh hoạt.",,,,SRC-048
TR-003,Fluidic Diodes / Tesla / Vortex Valves,Nuclear / Microfluidics,Mature Principle / Emerging Compact Designs,WATCH,WATCH,Hình học bất đối xứng hoặc dòng xoáy tạo sức cản khác nhau theo hai chiều dòng mà không cần chi tiết chuyển động.,Có thể tạo xu hướng dòng theo một chiều cho xả hoặc chuyển dòng thụ động. Hiện khả năng áp dụng vào sen vòi còn yếu; chỉ ưu tiên khi bài toán thực sự cần logic dòng chảy thụ động.,,,,SRC-023;SRC-024
TR-004,Bistable Compliant Valves,Soft Robotics / Microfluidics,Research / Early Application,WATCH,TRANSFER SIGNAL,Màng hoặc phần tử đàn hồi có thể bật qua lại giữa hai trạng thái ổn định; ngưỡng chuyển được điều chỉnh bằng hình học và vật liệu.,"Có thể dùng cho van hai trạng thái giữ vị trí mà không cần cấp năng lượng liên tục, hoặc tích hợp flexure để dẫn hướng, hồi vị và tạo nấc. Cần chứng minh lợi ích về người dùng, kích thước hoặc chi phí.",,,,SRC-041;SRC-042;SRC-328;SRC-329
TR-005,Directional Wettability / Capillary Surfaces,Fog Harvesting / Biomimetics,Research to Scalable Process,ACTIVE ENABLER,TRANSFER SIGNAL,Chênh lệch năng lượng bề mặt kết hợp lực mao dẫn có thể dẫn giọt nước theo hướng xác định mà không cần bơm.,"Có thể dùng cho mặt sen tự thoát nước hoặc dẫn nước khỏi vùng không mong muốn. Điểm cần xác nhận chính là độ bền khi tiếp xúc xà phòng, chất tẩy rửa và cặn khoáng.",,,,SRC-035;SRC-036
TR-006,Flow Energy Harvesting,Pipeline / Shower Metering / Marine Sensing,Commercial Mature in Shower Metering / Research Elsewhere,WATCH,BASELINE,"Vi tua-bin hoặc bộ phát điện được dẫn động bởi dòng nước để tạo điện cho cảm biến, bộ nhớ hoặc hiển thị cục bộ.",Nguyên lý này đã được dùng trong đồng hồ nước cho shower. Chỉ đáng xem lại nếu kiến trúc mới giảm lưu lượng khởi động hoặc tổn thất áp suất đáng kể.,,,,SRC-028;SRC-187;SRC-188;SRC-189;SRC-282;SRC-287
TR-007,Passive SMA Thermal Valves,Thermal Management,Mature Principle,WATCH,TRANSFER SIGNAL,Hợp kim nhớ hình (SMA) biến pha theo nhiệt độ và tạo chuyển vị/lực để thay đổi tiết diện hoặc vị trí van.,"Có thể dùng cho phản ứng nhiệt thụ động trong sen vòi. Cần kiểm tra ngưỡng nhiệt, lực tác động, độ bền chu kỳ và khả năng làm việc lâu dài trong nước nóng.",,,,SRC-039;SRC-040
TR-008,Compact Thermal Buffer / Startup Heat Exchange,DHW / Building Energy,Pilot / Commercial Adjacent,WATCH,WATCH,Vật liệu chuyển pha (PCM) hấp thụ và nhả nhiệt ẩn để làm dịu biến động nhiệt trong thời gian ngắn.,"Có thể hỗ trợ khởi động ấm hoặc đệm nhiệt, nhưng giải pháp thường cần thể tích và diện tích trao đổi nhiệt đáng kể nên hiện phù hợp cấp hệ thống hơn sen vòi nhỏ gọn.",,,,SRC-037;SRC-038;SRC-073;SRC-074;SRC-075;SRC-015
TR-009,Selective / Variable Spray-Zone Routing,Spray Systems / Showerheads,Commercial / Patent Crowded,ACTIVE ENABLER,BASELINE,Van hoặc manifold chọn nhóm lỗ phun đang được cấp nước để thay đổi vùng bao phủ và mức tập trung tia.,Đây là giải pháp nền cho chia vùng phun và chế độ xả tập trung. Việc chỉ chọn nhóm lỗ phun tự thân không còn là khoảng trống công nghệ.,ST-003;ST-004;ST-021,CT-010,MS-001;MS-007;MS-013,SRC-033;SRC-049
TR-010,Point-of-Use Shower Filtration Cartridges / Architectures,Water Treatment / Bathroom,Commercial Mature / Direct Precedent,BASELINE,BASELINE,"Lõi lọc thay thế được đặt trong đầu sen hoặc mô-đun cố định trên đường nước/tường; hiệu quả phụ thuộc vật liệu lọc, chất cần xử lý và mức tăng tổn thất áp suất khi lõi gần hết tuổi thọ.","Đây là giải pháp nền cho sen có lọc. Khác biệt phải đến từ hiệu quả xử lý được chứng minh hoặc kiến trúc bảo trì mới, không chỉ từ việc đổi vị trí lõi lọc.",ST-006;ST-016,,MS-002,SRC-050;SRC-196;SRC-197;SRC-198;SRC-199;SRC-200;SRC-201;SRC-202;SRC-203;SRC-204;SRC-283;SRC-284;SRC-069;SRC-070
TR-011,Compact Hydrocyclone / Swirl Pre-Separation,Water Treatment / Process Separation,Mature Industrial / Miniaturization Research,WATCH,WATCH,Dòng xoáy tạo lực ly tâm/quán tính để tách các hạt có khối lượng riêng và quán tính đủ lớn khỏi dòng nước chính.,"Có thể dùng để tách cặn thô trước bộ lọc, nhưng cần đủ áp suất, lưu tốc và thể tích. Khả năng áp dụng ở kích thước sen vòi hiện còn yếu nên giữ WATCH.",,,,SRC-051
TR-012,Thermostatic Bypass / Temperature-Triggered Routing,DHW Recirculation / Plumbing,Commercial Mature / Direct Prior-Art Crowded,BASELINE,BASELINE,Phần tử wax hoặc thermostatic tự chuyển đường hoặc hạn chế dòng nước theo nhiệt độ.,"Đây là giải pháp nền cho chức năng chờ nước ấm hoặc chuyển hướng nước lạnh ban đầu. Chuyển dòng tự động theo nhiệt độ đã có nhiều sản phẩm/bằng sáng chế, nên chủ yếu dùng để đối chuẩn hoặc làm nền cho kiến trúc khác.",ST-014;ST-027;ST-029,CT-002,MS-004;MS-012,SRC-052;SRC-205;SRC-206;SRC-207;SRC-208;SRC-209;SRC-210;SRC-211;SRC-212;SRC-213;SRC-214;SRC-215
TR-013,Passive Anti-Scald Fail-Safe Mechanisms,Thermostatic Mixing / Safety Valves,Commercial Mature Principle,BASELINE,BASELINE,Phần tử thermostatic hoặc màng/pít-tông cân bằng áp tự giảm hay đóng dòng nóng khi nhiệt độ hoặc áp suất ra ngoài vùng an toàn.,Đây là giải pháp nền cho chống bỏng và fail-safe. Không dùng việc thêm một lớp giới hạn nhiệt tương tự làm luận điểm mới nếu không có lợi ích khác rõ ràng.,ST-014;ST-027;ST-029;ST-048,CT-002,MS-004,SRC-053
TR-014,Adjustable Shower Arm / Rail & Discrete Height Mechanisms,Bathroom Hardware / Positioning Mechanisms,Commercial Mature / Patent Crowded,BASELINE,BASELINE,"Khớp xoay, thanh trượt, ống lồng, cơ cấu đối trọng hoặc khóa ma sát/bánh răng giúp thay đổi vị trí đầu ra; một số cấu trúc vẫn cho nước đi qua khớp chuyển động.",Đây là giải pháp nền cho điều chỉnh chiều cao/vị trí. Ý tưởng mới phải tạo thêm khả năng hoặc lợi ích vượt lên trên việc điều chỉnh vị trí thông thường.,ST-036,,MS-006,SRC-054;SRC-056;SRC-127;SRC-128;SRC-129;SRC-130;SRC-131;SRC-132;SRC-133;SRC-283;SRC-287;SRC-083;SRC-084;SRC-085;SRC-086
TR-015,Compact Integrated Water Boosters,Domestic Water Supply / Pumps,Commercial Mature at System Level,WATCH,BASELINE,"Bơm điện kết hợp cảm biến/điều khiển, van một chiều và đường đi tắt để bổ sung năng lượng thủy lực khi nguồn nước yếu.","Đây là giải pháp nền cấp hệ thống cho tăng áp thực sự. Tiếng ồn, nguồn điện, kích thước và chi phí khiến việc tích hợp trực tiếp vào sen vòi không phải ưu tiên chính.",,,,SRC-057;SRC-282
TR-016,Double-Shutoff / Dry-Break Service Couplings,Liquid Cooling / Fluid Transfer,Commercial Mature / Transfer Proposed,ROUTED,WATCH,Hai van chặn tự đóng ở hai phía của khớp nối trước khi tách; bề mặt ghép phẳng giúp giảm lượng nước giữ lại và không khí lọt vào.,"Hữu ích cho mô-đun bảo trì ít tràn nước, nhưng giá trị chủ yếu thuộc bảo trì/lắp đặt. Thông thường không phải giá trị TD-S chính.",,,,SRC-058
TR-017,Self-Centring Blind-Mate Fluid Couplings,Liquid Cooling / Aerospace,Commercial Emerging / Patent Crowded,ROUTED,WATCH,Khớp nối dạng nổi hoặc cầu cho phép tự bù sai lệch theo phương ngang/góc trong khi gioăng mặt đầu vẫn duy trì kết nối kín nước.,"Hữu ích để bù sai lệch khi lắp đặt, nhưng giá trị chính thuộc lắp đặt/bảo trì. Chỉ ưu tiên khi bài toán lắp đặt được chọn làm hướng nghiên cứu.",,,,SRC-063;SRC-064
TR-018,Passive Hydraulic / Fluidic Oscillation,Bathroom / Fluidic Actuation,Proven Principle / Patent Crowded,ACTIVE ENABLER,BASELINE,Áp lực nước kích hoạt màng đàn hồi hoặc khoang cộng hưởng dòng để tạo tia dao động/nhịp mà không cần motor hoặc tua-bin ở đầu ra.,"Đây là giải pháp nền cho tia massage hoặc quét trong shower. Ứng dụng mới phải tạo kết quả sử dụng khác rõ ràng, không chỉ lặp lại cơ chế dao động.",,,,SRC-016;SRC-066;SRC-235;SRC-284
TR-019,Venturi Air-Entrainment Spray,Bathroom / Faucet Aeration,Commercial Mature / Patent Crowded,ACTIVE ENABLER,BASELINE,Dòng nước tốc độ cao đi qua vùng co làm giảm áp suất tĩnh và hút không khí vào dòng nước theo hiệu ứng Venturi.,Đây là giải pháp thương mại nền cho tia có trộn khí. Không dùng riêng cơ chế Venturi làm điểm mới công nghệ.,,CT-009,MS-001;MS-017,SRC-067
TR-020,Dual-Resistance Spray Networks,Spray Systems / Fluid Distribution,Mature Principle / Target Transfer Proposed,ACTIVE ENABLER,ACTIVE ENABLER,Các nhánh đầu ra song song được thiết kế với sức cản thủy lực khác nhau để phân bổ lực tia và vùng phủ khác nhau theo áp suất nguồn.,Có thể dùng để phân phối năng lượng tia thụ động giữa vùng xả mạnh và vùng bao phủ. Cần chứng minh hiệu quả thực tế trong giới hạn lưu lượng/áp suất của shower.,ST-034,,,SRC-065;SRC-068
TR-021,Manual / Transient Reverse-Flow Backwashing,Portable Water Filtration,Commercial Mature Principle / Fitting Transfer Proposed,ROUTED,WATCH,Người dùng tạo dòng rửa ngược bằng buồng bóp hoặc pít-tông để đẩy cặn ra khỏi vật liệu/lưới lọc.,"Có thể phục hồi lưu lượng bộ lọc mà không cần bơm, nhưng giá trị chủ yếu thuộc bảo trì và kiến trúc hiện chưa đủ mạnh để trở thành hướng Claw chính.",ST-037,,MS-015;MS-002,SRC-072;SRC-025;SRC-034
TR-022,Child-Resistant Dual-Action Controls / Human-Factor Interlocks,Packaging / Human Factors,Commercial Mature Principle / Shower Transfer + Validation Needed,ACTIVE ENABLER,BASELINE,"Cơ cấu khóa hai thao tác như ấn–xoay, bóp–xoay hoặc chuyển động đa trục yêu cầu người dùng thực hiện hành động phối hợp trước khi vượt giới hạn điều khiển.","Đây là giải pháp nền về an toàn trẻ em. nghiên cứu ban đầu cho thấy cơ cấu hai thao tác thông thường đã có nhiều giải pháp gần, nên không còn khoảng trống rõ nếu không có khác biệt mới.",,,,SRC-076;SRC-134;SRC-135;SRC-136;SRC-137;SRC-138;SRC-139;SRC-140;SRC-141;SRC-142;SRC-143;SRC-144;SRC-145;SRC-146;SRC-147;SRC-148;SRC-149
TR-023,Thermostatic Diversion + Sequential Mixing,Thermal Valves / Plumbing,Commercial Mature / Prior-Art Crowded,BASELINE,BASELINE,"Van đáp ứng theo nhiệt độ để chuyển đường nước, kết hợp hình học cam/cửa van tạo trình tự mở nước lạnh trước rồi mới mở nước nóng.",Đây là giải pháp nền cho kiểm soát nước lúc khởi động hoặc khi quá nhiệt. Trình tự trộn nhiệt cơ bản đã có nhiều bằng sáng chế/giải pháp trước đó và không còn là khoảng trống rõ.,ST-014;ST-027,CT-002,MS-004;MS-012,SRC-077;SRC-078
TR-024,Compact Body-Spray + Positionable Fluid Outlet,Bathroom / Machine Tool Positioning,Commercial Mature / Direct Product + Patent Baseline,BASELINE,BASELINE,"Đầu phun dùng khớp cầu, khớp xoay kín nước hoặc cơ cấu dao động liên kết để thay đổi hướng tia hoặc vùng quét khi có dòng nước.",Đây là giải pháp nền đã có trên thị trường và bằng sáng chế cho việc hướng tia vào cơ thể. Xoay 360° hoặc dao động tự thân không còn là khoảng trống công nghệ.,,CT-015,MS-007,SRC-079;SRC-080;SRC-081;SRC-082;SRC-225;SRC-226;SRC-227;SRC-228
TR-025,Fluidic Jet Steering / Spray Trajectory Control,Fluidics / Spray Systems,Commercial Adjacent / Patent Crowded,ACTIVE ENABLER,BASELINE,"Chọn nhóm lỗ phun, dùng góc phun cố định hoặc phần tử fluidic để thay đổi vị trí rơi/vùng phủ của tia mà không phải di chuyển toàn bộ bát sen.",Đây là giải pháp nền cho điều khiển hướng và vùng phun. Kết quả từ N71 cho thấy chỉ thay đổi hình học hoặc chế độ phun chưa đủ để trở thành ý tưởng công nghệ mạnh.,ST-003;ST-019;ST-021,CT-010,MS-007;MS-013,SRC-068;SRC-101;SRC-102;SRC-150;SRC-151;SRC-152;SRC-153;SRC-154;SRC-155;SRC-238;SRC-239
TR-026,Acoustic-Optimized Shower Spray / Noise Control,Bathroom Acoustics / Spray Atomization,Commercial Attribute + Patent,ACTIVE ENABLER,BASELINE,Hình học lỗ phun/giọt nước và vật liệu giảm chấn trên đường nước ảnh hưởng đến tiếng ồn truyền qua không khí và kết cấu.,Tia sen ít ồn đã là thuộc tính thương mại. Chỉ xem lại khi có công nghệ ngoài ngành tạo khả năng giảm ồn mới hoặc trải nghiệm người dùng khác rõ ràng.,,,,SRC-098;SRC-099;SRC-100
TR-027,Self-Healing / In-Mold Clearcoat Surfaces,Automotive / Polymer Coatings / Sanitaryware,Commercial Adjacent + Sanitary Prior Art,ACTIVE ENABLER,TRANSFER SIGNAL,Mạng polymer động hoặc cơ chế chảy nhớt có thể làm vết xước nhỏ khép lại; lớp phủ có thể được tạo trong khuôn để giảm công đoạn phủ sau ép.,"Có thể dùng cho bề mặt premium tự phục hồi. Cần xác nhận điều kiện kích hoạt, độ bền với chất tẩy/nước cứng, an toàn và lợi ích thực so với lớp phủ chống xước thông thường.",,,,SRC-106;SRC-107;SRC-108;SRC-109
TR-028,Bottle-Free Wash / Additive Infusion,Accessibility Care / Wellness Shower,Commercial Mature / Direct Precedent,ACTIVE ENABLER,BASELINE,Nhánh pha phụ gia hoặc khoang nạp lại đưa dầu gội/sữa tắm vào dòng nước; một số hệ còn trộn thêm không khí và hóa chất chuyên dụng để tạo bọt.,"Tắm không cần cầm chai hoặc pha dung dịch vào dòng nước đã có sản phẩm trực tiếp. Chỉ dùng như nền công nghệ, không coi bản thân chức năng pha dung dịch là điểm mới.",,,,SRC-113;SRC-115;SRC-156;SRC-157;SRC-158;SRC-159;SRC-160;SRC-161;SRC-162;SRC-163;SRC-164;SRC-165;SRC-166;SRC-167;SRC-168;SRC-169;SRC-170;SRC-171;SRC-172;SRC-283;SRC-284
TR-029,Water-Use Feedback / Nudge Interface,Smart Shower / Behavioral Sustainability,Commercial Mature / Direct Precedent,BASELINE,BASELINE,Cảm biến lưu lượng kết hợp phép cộng dồn thể tích và chỉ báo màu/số tại chỗ; nguồn điện có thể được tạo từ chính dòng nước.,"Phản hồi lượng nước đã dùng là giải pháp nền khá phổ biến. Đồng hồ, vòng màu hoặc ngưỡng cảnh báo đơn giản không còn là hướng đổi mới chính nếu không tạo thêm hành vi hoặc lợi ích mới.",ST-043,CT-012;CT-015,MS-020;MS-017,SRC-118;SRC-119;SRC-120;SRC-187;SRC-188;SRC-189;SRC-190;SRC-191;SRC-192;SRC-193;SRC-194;SRC-195
TR-030,Waste-Water Heat Recovery Integration,Building Energy / Shower Systems,Commercial Emerging,BASELINE,BASELINE,Bộ trao đổi nhiệt thu nhiệt từ nước thải sau tắm để làm nóng sơ bộ nước lạnh cấp vào mà không trộn hai dòng nước.,Đây là giải pháp nền cấp hệ thống cho tiết kiệm năng lượng. Cơ hội ở cấp thương hiệu sen vòi chỉ rõ khi có giao diện hoặc kiến trúc tích hợp mới.,,,MS-017,SRC-121;SRC-122;SRC-123
TR-031,Thermal-Retention Shower Spray Geometry,Shower / Spray Atomization / Heat Transfer,Established Physics / Application Engineering,ACTIVE ENABLER,ACTIVE ENABLER,"Kích thước giọt, độ liền mạch của tia, vận tốc, quãng đường bay và điều kiện không khí quyết định mức thất thoát nhiệt của tia trước khi chạm người.","Đây là kiến thức nền để đồng thời tối ưu cảm giác tia và nhiệt độ thực tới cơ thể. Không phải một chế độ sản phẩm độc lập, mà là nguyên lý hỗ trợ thiết kế tia phun.",,CT-001;CT-009,MS-001;MS-007,SRC-154;SRC-155
TR-032,Water–Air–Soap Foam Generation,Bathroom / Personal Care / Assisted Bathing,Commercial Mature,BASELINE,BASELINE,Dung dịch làm sạch được trộn với nước và không khí để tạo bọt ấm; hệ điều khiển định lượng bọt rồi chuyển lại về nước xả thông thường.,Đây là giải pháp nền cho chăm sóc/chăm sóc thư giãn bằng bọt. Chỉ tái tạo chức năng tạo bọt không còn là khoảng trống công nghệ.,,,,SRC-156;SRC-157;SRC-158;SRC-159;SRC-160;SRC-161;SRC-162;SRC-283;SRC-284
TR-033,Pressure-Responsive Variable-Aperture Shower Nozzles,Shower / Elastomeric Fluid Control,Commercial Mature / Patent Crowded,BASELINE,BASELINE,Lỗ phun hoặc phần tử elastomer tự thay đổi tiết diện hiệu dụng hay sức cản thủy lực theo áp suất/lưu lượng.,FlexPower và bằng sáng chế/giải pháp trước đó cho thấy nguyên lý này đã là giải pháp nền trong shower. Không dùng riêng lỗ phun biến tiết diện làm điểm mới công nghệ.,ST-020;ST-034,CT-001,MS-001,SRC-219;SRC-220;SRC-221;SRC-223
TR-034,Fixed Fluidic Droplet / Momentum Shaping,Shower / Fluidics,Commercial Mature,ACTIVE ENABLER,BASELINE,"Hình học đường nước và lỗ phun cố định điều khiển vận tốc, kích thước giọt và chuyển động của tia mà không cần cảm biến hoặc chi tiết chuyển động.",Đây là công nghệ nền để tinh chỉnh chất lượng tia phun. Chỉ có giá trị cho Claw khi kết hợp với công nghệ khác để tạo một khả năng hoặc lợi ích mới rõ ràng.,ST-002;ST-003,CT-001;CT-009,MS-001;MS-007;MS-017,SRC-007;SRC-217;SRC-218;SRC-222
TR-035,Momentary Eco/Boost Flow Override,Bathroom / Faucet Flow Control,Commercial Mature / Direct Patent Precedent,BASELINE,BASELINE,Bộ điều tiết hai mức hoặc hai đường dòng tạo chế độ tiết kiệm mặc định và chế độ lưu lượng cao tạm thời; trạng thái có thể tự trở về khi nhả điều khiển hoặc đóng nước.,"Eco/Boost tự trở về đã có sản phẩm và bằng sáng chế trực tiếp. Ý tưởng mới phải khác ở kết quả sử dụng thực tế, không chỉ ở cách chuyển chế độ.",ST-021;ST-024;ST-047,,MS-017,SRC-220;SRC-221;SRC-229;SRC-230;SRC-231
TR-036,Magnetic Coupling Through Sealed Barrier,Process Pumps / Chemical Processing,Commercial Mature in Industrial Equipment,WATCH,TRANSFER SIGNAL,"Hai cụm nam châm truyền mô-men qua một vách ngăn không từ tính, cho phép phần ướt và phần khô quay đồng bộ mà không cần trục xuyên qua gioăng.","Có thể dùng để truyền chuyển động qua ranh giới khô/ướt cho diverter, cartridge hoặc cơ cấu quay. Cần kiểm tra mô-men trong kích thước nhỏ, chi phí nam châm, cặn và vật liệu vách ngăn.",,,,SRC-240;SRC-241
TR-037,Rolling-Diaphragm Dynamic Seal / Pressure Actuator,Pneumatics / Process Control / Aerospace,Commercial Mature Principle,WATCH,TRANSFER SIGNAL,Rolling diaphragm cuộn/mở theo hành trình pít-tông để giữ ranh giới áp suất với ma sát trượt và lực khởi động rất thấp.,"Có thể dùng cho van hoặc bộ điều tiết nhạy áp cần độ trễ thấp và ít phụ thuộc gioăng O-ring trượt. Cần thích nghi với nước nóng, cặn và không gian tích hợp nhỏ.",,,,SRC-242;SRC-243
TR-038,Liquid-Infused Slippery Surfaces (SLIPS / LIS),Marine / Biomedical / Surface Engineering,Research Mature / Early Applied,WATCH,TRANSFER SIGNAL,"Bề mặt vi/nano giữ một lớp chất lỏng bôi trơn bằng lực mao dẫn, tạo giao diện rất trơn và giảm khả năng bám của nước/cặn.","Có thể dùng cho bề mặt chống cặn/chống bẩn ở mặt sen hoặc đường nước. Rủi ro chính là mất lớp bôi trơn, tương thích chất tẩy rửa, an toàn tiếp xúc nước và độ bền khi có dòng chảy.",,,,SRC-244;SRC-245
TR-039,Low-Temperature Liquid Crystal Elastomer Actuation,Soft Robotics / Smart Materials,Research / Emerging,WATCH,TRANSFER SIGNAL,Liquid crystal elastomer (LCE) có thể được định hướng để biến dạng thuận nghịch khi nhiệt độ hoặc tác nhân kích thích thay đổi; một số công thức mới hạ được nhiệt độ kích hoạt.,"Có thể tạo chuyển động hoặc lực theo nhiệt độ bằng polymer thay cho bộ chấp hành kim loại. Cần xác minh dải nhiệt, lực, độ bền chu kỳ, ổn định hóa học và an toàn tiếp xúc nước.",,,,SRC-246;SRC-247
TR-040,Electropermanent-Magnet Latching Valves,Soft Robotics / Microfluidics,Research / Early Prototype,WATCH,TRANSFER SIGNAL,Nam châm điện vĩnh cửu đổi trạng thái từ bằng một xung điện ngắn rồi giữ lực mà không cần cấp điện liên tục; lực có thể truyền qua màng mềm.,"Có thể dùng cho diverter chốt trạng thái tiêu thụ điện thấp với phần điện ở phía khô. Cần kiểm tra kích thước, đường từ, trạng thái an toàn khi mất điện, chi phí và EMC.",,,,SRC-248;SRC-249;SRC-294
TR-041,Solid-Liquid Triboelectric Flow Sensing,Marine IoT / Water Metering / Smart Sensing,Research / Emerging,WATCH,TRANSFER SIGNAL,"Hiệu ứng triboelectric rắn–lỏng tạo tín hiệu điện khi nước tương tác với bề mặt cảm biến, cho phép đo dòng chảy mà không cần tua-bin cơ khí.","Có thể thay tua-bin trong cảm biến dòng tự cấp nguồn để giảm chi tiết chuyển động. Cần chứng minh tổn thất áp suất, độ ổn định tín hiệu, độ bền ướt, độ nhạy với cặn và cách tích hợp điện tử.",,,,SRC-250;SRC-251
TR-042,Magnetorheological Soft Flow Valves,Soft Robotics / Smart Fluids,Research,WATCH,WATCH,"Chất lỏng hoặc elastomer từ lưu biến thay đổi sức cản dòng chảy/độ cứng khi có từ trường, cho phép điều tiết tỷ lệ với ít chi tiết cứng chuyển động.","Có tiềm năng cho điều khiển lưu lượng tỷ lệ nhỏ gọn, nhưng đường chuyển giao vào sen vòi nước sinh hoạt hiện chưa rõ. Chỉ xem lại khi có kiến trúc tách biệt phần vật liệu điều khiển khỏi nước.",,,,SRC-252;SRC-253
TR-043,Load-Sensitive Coanda Fluidic Switching,Chemical Process / Fluidics,Research Mature / Water Prototype,WATCH,TRANSFER SIGNAL,"Dòng bám thành theo hiệu ứng Coanda có thể đổi nhánh khi sức cản hoặc áp lực ngược ở đầu ra vượt ngưỡng, cho phép chuyển dòng không cần cảm biến hay chi tiết chuyển động.","Có thể dùng để tự chuyển sang nhánh dự phòng khi sức cản của bộ lọc tăng. Cần kiểm tra tổn thất áp suất, độ nhạy hình học, tiếng ồn, cặn và độ trễ khi chuyển trạng thái.",,,,SRC-256;SRC-257
TR-044,Jamming-Based Variable Stiffness / Shape Locking,Soft Robotics / Medical Devices,Research Mature / Prototype,WATCH,TRANSFER SIGNAL,"Cấu trúc hạt, lớp hoặc sợi tăng ma sát nội bộ khi tạo chênh áp, nhờ đó chuyển từ mềm/dễ uốn sang cứng trong khi hình dạng ngoài thay đổi ít.","Có thể dùng cho kết cấu điều chỉnh rồi khóa hình dạng. Tuy nhiên ống/tay đỡ sen chuyển mềm–cứng đã có tiền lệ trực tiếp, nên không dùng riêng cơ chế jamming làm điểm mới; chỉ giữ cho ứng dụng khác.",,,,SRC-258;SRC-259;SRC-270
TR-045,Water-Compatible Self-Healing Elastomer Seals,Hydraulics / Marine / Underwater Materials,Research Emerging / Industrial Patent,WATCH,TRANSFER SIGNAL,Mạng polymer động hoặc lớp elastomer trương nở trong nước có thể tái liên kết hoặc dịch chuyển vật liệu để khép các vết cắt/hư hỏng rất nhỏ trong môi trường ướt.,"Có thể dùng cho gioăng hoặc cartridge để giảm rò sau hư hỏng nhỏ, thay vì chỉ tăng khả năng chống mòn. Cần xác minh độ bền trong nước nóng, chlorine/chất tẩy rửa, biến dạng dư, ma sát, thôi nhiễm và yêu cầu chứng nhận.",,,,SRC-262;SRC-263;SRC-264
TR-046,Piezo / Ultrasonic Fouling Cleaning,Water Treatment / Precision Cleaning,Established Physics / Emerging Integrated Systems,WATCH,TRANSFER SIGNAL,Bộ rung piezo tạo dao động siêu âm; dòng âm và cavitation có thể làm yếu lớp cặn bám và hỗ trợ đưa cặn ra khỏi bề mặt.,"Có thể dùng cho chu kỳ tự làm sạch mặt sen hoặc đường nước. Cần kiểm tra hiệu quả truyền rung, xói mòn, tiếng ồn, điện năng, chống nước, mỏi vật liệu và an toàn.",,,,SRC-265;SRC-266;SRC-267;SRC-274;SRC-275
TR-047,Digital Shower Control Stack / Motorized Thermostatic Mixing,Bathroom Fittings / Digital Control,Commercial Mature / Rapidly Expanding,BASELINE,BASELINE,"Động cơ hoặc bộ chấp hành điện tử điều khiển trộn nhiệt và/hoặc van đầu ra; bộ điều khiển có thể thêm đặt nhiệt độ, chọn đầu ra, lưu cấu hình, xả trước và điều khiển từ xa.","Đây là nền tảng đã trưởng thành cho điều khiển nhiệt ổn định, thao tác lực thấp và cá nhân hóa. Điều khiển số hoặc màn hình tự thân không còn là điểm mới; ý tưởng phải tạo giá trị người dùng cụ thể hơn.",,CT-012;CT-015,MS-018;MS-020,SRC-282;SRC-285;SRC-287
TR-048,Hall-Sensor Handle Activation,Bathroom / Kitchen Faucets,Commercial Mature,ACTIVE ENABLER,BASELINE,Cảm biến Hall đọc vị trí nam châm gắn với tay vặn để nhận biết trạng thái mở hoặc thao tác mà không cần cảm biến tiệm cận riêng ở mặt trước.,"Hữu ích cho giao diện kết hợp cơ khí–điện tử và thao tác có chủ đích hơn. Do đã có ứng dụng trực tiếp trên vòi, đây là công nghệ hỗ trợ chứ không phải khoảng trống đổi mới.",ST-005,,MS-020,SRC-286
TR-049,Quick-Release Showerhead Coupling,Bathroom / Shower Hardware,Commercial Mature,BASELINE,BASELINE,Khớp cơ khí nhả nhanh bằng nút bấm cho phép tháo bát sen mà không phải vặn ren theo cách truyền thống.,"Đây là giải pháp nền cho tháo nhanh, vệ sinh và bảo trì. Ý tưởng mới phải tạo thêm lợi ích người dùng ngoài việc tháo lắp nhanh.",ST-017,CT-013,MS-005;MS-006,SRC-286
TR-050,Magnetic Docking / Auto-Align Shower Attachment Interface,Bathroom / Shower / Kitchen Sprayheads,Commercial Mature,ACTIVE ENABLER,BASELINE,Nam châm vĩnh cửu dẫn hướng và giữ đầu phun hoặc phụ kiện tháo rời về đúng vị trí lắp; một số hệ còn kết hợp nguồn điện hoặc mô-đun quay.,"Hữu ích để dock dễ hơn và hỗ trợ phụ kiện mô-đun, nhưng magnetic docking đã là giải pháp thương mại phổ biến. Chỉ dùng như công nghệ hỗ trợ.",ST-017,CT-013,MS-005;MS-006,SRC-284;SRC-286
TR-051,Point-of-Use Ozone / Oxidized-Water Generation,Water Treatment / Kitchen Fittings,Product Under Development / Emerging,WATCH,TRANSFER SIGNAL,Hệ tạo nước oxy hóa tại chỗ theo nhu cầu rồi dẫn qua đường nước để hỗ trợ làm sạch kháng khuẩn; KBIS 2025 ghi nhận ý tưởng của Delta với nồng độ ozone được kiểm soát và kích hoạt riêng.,"Có thể chuyển giao cho chức năng vệ sinh trong phòng tắm, nhưng cần giải quyết hóa học/an toàn, nguy cơ bromate, khí thoát, tương thích vật liệu, quy định và nguy cơ sử dụng sai trước khi phát triển ý tưởng sen vòi.",ST-040,,MS-002,SRC-284
TR-052,Electrolyzed-Water Sanitization (E-Water),Smart Toilet / Kitchen / Basin Hygiene,Commercial Mature in Adjacent Bathroom Applications,WATCH,TRANSFER SIGNAL,"Xử lý điện hóa tạo các chất khử khuẩn trong nước theo nhu cầu; báo cáo KBC cho thấy công nghệ này đã được dùng trong toilet, bếp và khu vực chậu rửa.","Có thể chuyển giao cho chức năng tự vệ sinh hoặc làm sạch của sen vòi. Cần có bằng chứng về giá trị riêng cho shower, tuổi thọ điện cực, hóa học nước, sản phẩm phụ, yêu cầu lưu lượng và quy định.",,,,SRC-282;SRC-287
TR-053,Fine-Bubble / Microbubble Shower Generation,Bathroom / Wellness Shower,Commercial Mature / Multiple Direct Products,BASELINE,BASELINE,Hệ sen chủ động tạo bọt khí rất nhỏ trong nước để thay đổi cảm giác trên da và đặc tính dòng phun; kiến trúc tạo bọt cụ thể khác nhau theo nhà cung cấp.,"Đây là giải pháp nền rõ trong nhóm chăm sóc thư giãn/skin-care. Không dùng 'microbubble' riêng lẻ làm điểm mới; khác biệt phải đến từ hiệu quả xử lý, cảm giác hoặc kết quả sử dụng được chứng minh.",,CT-009,MS-007;MS-016,SRC-281;SRC-282;SRC-284
TR-054,Bathroom AI / IoT Scene Orchestration,Smart Home / Bathroom Ecosystems,Commercial / Rapidly Scaling,WATCH,BASELINE,"Các thiết bị phòng tắm kết nối mạng có thể phối hợp sen, toilet, khu vực chậu rửa và môi trường phòng qua ứng dụng, giọng nói hoặc kịch bản; hệ mới còn có thể học sở thích người dùng.","Đây là hướng chiến lược cho sản phẩm kết nối, nhưng AI/IoT đã là xu hướng thị trường rõ. Giá trị Claw phải đến từ kết quả sử dụng cụ thể, không phải từ việc kết nối tự thân.",ST-043,CT-012;CT-015,MS-020,SRC-281;SRC-282;SRC-287
TR-055,Pressure-Compensated Priority Flow Divider,Water Hydraulics / Mobile Hydraulics,Commercial Mature Adjacent,WATCH,TRANSFER SIGNAL,"Bộ bù áp nhạy áp suất/tải giữ lưu lượng ưu tiên cho một nhánh và chỉ cấp phần lưu lượng còn lại cho nhánh phụ. Khi nguồn giảm, nhánh ưu tiên được bảo vệ trước.","Có thể dùng để phân bổ lưu lượng thụ động trong manifold sen hoặc hệ phun nhiều vùng. Cần chứng minh lợi ích về chi phí, kích thước và trải nghiệm so với điều khiển điện tử, đồng thời không làm mất quá nhiều áp suất.",,,,SRC-288;SRC-289;SRC-290;SRC-291
TR-056,Dynamic Elastomer Fouling-Release by Surface Strain,Medical Catheters / Marine Antifouling / Soft Robotics,Research Mature / Prototype,WATCH,TRANSFER SIGNAL,Biến dạng chu kỳ có chủ đích trên bề mặt elastomer ướt có thể làm giảm lực bám và hỗ trợ bong cặn hoặc màng sinh học.,"Có thể dùng cho lớp lót ống hoặc đường nước tự biến dạng theo áp lực để giảm bám mà không dùng chất diệt khuẩn. Cần chứng minh mức biến dạng, hiệu quả làm sạch và độ bền trong điều kiện shower thực tế.",,,,SRC-296;SRC-297;SRC-311;SRC-312
TR-057,Passive Eddy-Current Rotary Damping,Industrial Damping / Mechatronics,Commercial Principle / Transfer Proposed,WATCH,TRANSFER SIGNAL,"Chuyển động tương đối giữa từ trường nam châm vĩnh cửu và phần tử dẫn điện tạo dòng điện xoáy chống lại chuyển động, sinh lực cản phụ thuộc tốc độ mà không cần tiếp xúc ma sát.","Có thể dùng ở phía khô của tay vặn để tạo cảm giác xoay mượt, chắc và hạn chế xoay quá nhanh. Cần chứng minh mô-men cản trong kích thước nhỏ và lợi ích so với ma sát hoặc nấc cơ khí thông thường.",,,,SRC-301
TR-058,Ordered Anti-Biofilm Microtopography,Medical Devices / Biomimetics / Surface Engineering,Research / Commercial Adjacent,WATCH,TRANSFER SIGNAL,Các hoa văn vi mô có trật tự trên bề mặt có thể làm giảm khả năng bám của vi sinh vật mà không cần giải phóng chất kháng khuẩn.,"Có thể dùng cho lớp lót hoặc vùng luôn ẩm bên trong ống/đường nước. Cần dữ liệu riêng cho môi trường shower, quy trình tạo hoa văn phù hợp và độ bền với cặn/chất tẩy rửa.",,,,SRC-304;SRC-305;SRC-311
TR-059,Riblet Pipe Drag-Reduction Surfaces,Drinking-Water Pipelines / Biomimetics,Research / Emerging,WATCH,TRANSFER SIGNAL,Các rãnh riblet song song với dòng chảy tác động lên vùng gần thành ống để giảm ma sát khi kích thước rãnh phù hợp với đường kính ống và chế độ dòng.,"Có thể dùng trên một số đoạn đường nước cố định để giảm tổn thất áp suất thay vì tăng áp bằng bơm. Hiệu quả phụ thuộc mạnh vào hình học, Reynolds và cặn; có thể kém hiệu quả hơn việc đơn giản tăng đường kính dòng.",,,,SRC-306;SRC-307
TR-060,Superelastic NiTi Braid Reinforcement,Medical Catheters / Flexible Tubing,Commercial/Patent Mature Adjacent,WATCH,TRANSFER SIGNAL,"Dải hoặc lưới NiTi siêu đàn hồi chịu biến dạng lớn rồi phục hồi hình dạng, giúp ống mềm chống gập/xẹp trong kết cấu thành mỏng.","Có thể dùng cho ống sen để phục hồi tiết diện sau khi bị gập hoặc đè ép. Do ống chống gập đã phổ biến, giá trị phải nằm ở sự cân bằng tốt hơn giữa độ mềm, chiều dày, khả năng phục hồi lưu lượng, ăn mòn và chi phí.",,,,SRC-315;SRC-316
TR-061,Pressure-Deploying Variable-Area Filter,Filtration / Fluid Systems,Patented Adjacent / Transfer Proposed,WATCH,TRANSFER SIGNAL,"Diện tích vật liệu lọc hoạt động tăng lên theo chênh áp hoặc mức bẩn nhờ kết cấu có thể bung/mở, giúp giảm tải trên mỗi vùng lọc và làm chậm quá trình tăng sức cản.","Có thể dùng cho cartridge sen tự mở thêm diện tích lọc khi cặn tăng mà vẫn giữ toàn bộ dòng qua vật liệu lọc. Cần kiểm tra kích thước, vệ sinh, độ ổn định ngưỡng mở và lợi ích so với lõi cố định lớn hơn.",,,,SRC-317
TR-062,Injection-Molded Structural-Color Nanotopography,Optics / Polymer Replication,Research to Scalable Process,WATCH,TRANSFER SIGNAL,Vi/nano cấu trúc quang học được sao chép trực tiếp lên bề mặt polymer để tạo structural color hoặc hiệu ứng quang mà không cần lớp màu/phủ truyền thống.,"Có thể dùng cho chi tiết trang trí sen vòi để kết hợp tạo hình và hoàn thiện màu ngay trong ép phun. Cần chứng minh giảm được công đoạn phủ, đồng thời giữ độ bền xước/chất tẩy rửa và độ đồng đều ngoại quan.",,,,SRC-322;SRC-323
TR-063,Microcellular Foam Injection Molding,Automotive / Consumer Polymer Processing,Commercial Mature,WATCH,TRANSFER SIGNAL,Quá trình ép phun vi bọt tạo lõi polymer có mật độ thấp bằng cách tạo mầm khí có kiểm soát; có thể kết hợp lớp da đặc để giảm khối lượng và vật liệu.,"Có thể dùng cho vỏ hoặc kết cấu tay sen nhẹ hơn, nhưng chỉ có giá trị nếu giảm khối lượng rõ mà vẫn giữ độ cứng, chịu rơi, ngoại quan, độ kín và chi phí hợp lý. Chất lượng bề mặt là thách thức quy trình cần kiểm soát.",ST-011;ST-022,,MS-022,SRC-326;SRC-327
TR-064,Durable Anti-Scale Coating + Drainage Geometry,Bathroom Surface / Coatings,Commercial Adjacent / Applied,ACTIVE ENABLER,ACTIVE ENABLER,Lớp phủ năng lượng bề mặt thấp kết hợp hình học thoát nước giúp giảm lượng nước và cặn khoáng lưu lại trên bề mặt.,"Có thể dùng cho bề mặt vòi và sen để giảm vết cặn và tần suất vệ sinh. Cần kiểm tra độ bền với chất tẩy rửa, nước cứng và các lớp hoàn thiện như PVD/chrome.",ST-037;ST-038,,MS-015;MS-002,SRC-008;SRC-009;SRC-019
TR-065,Quality-Gated Shower Recirculation Control,Water Reuse / Smart Shower,System Demonstrated / High Integration Burden,WATCH,WATCH,Nhiều cảm biến chất lượng nước được dùng để quyết định nước nào tiếp tục tuần hoàn và nước nào phải xả bỏ trong một hệ sen tái tuần hoàn.,"Có thể giúp hệ sen tuần hoàn tiết kiệm nước và nhiệt nhưng vẫn kiểm soát vệ sinh tốt hơn. Đây là kiến trúc cấp hệ thống, cần xử lý cảm biến, xử lý nước, điều khiển và độ tin cậy.",,,MS-017,SRC-001;SRC-002;SRC-011
