Supplier Tech ID,Supplier / Company,Technology / Component,Capability / Principle,Current Application,Maturity,Fitting Applicability,Source ID
ST-001,Runner,Hygieia 2-in-1 Pull-Down Kitchen Faucet,Tách riêng đường nước thường và đường nước lọc/nước uống bằng đầu ra nước uống điều khiển bằng solenoid,Kitchen,Existing proposal,Tích hợp vòi nước lọc và nước thường trong cùng một không gian lắp đặt,"SRC-350, SRC-341"
ST-002,Runner,Na-Micro Spray,Tạo tia phun hạt mịn qua các đầu phun chuyên dụng để ngâm/làm sạch,Kitchen,Existing proposal,Bổ sung chế độ ngâm/làm ướt riêng biệt,"SRC-350, SRC-341"
ST-003,Runner,3F Spray Head / Multi-spray Platform,Tích hợp chức năng sục khí + xả sạch + Na-Micro trong cùng một đầu phun,Kitchen,Existing proposal,Nền tảng phun đa chức năng,"SRC-350, SRC-341"
ST-004,Runner,Pull-Switch Self-Reset Spray Head,Công tắc kéo cơ khí 4 mm; tia phun thay thế tự động trở về chế độ mặc định sau khi tắt,Kitchen,Existing proposal,"Điều khiển nhẹ lực, tránh giữ lại chế độ không mong muốn","SRC-350, SRC-341"
ST-005,Runner,Dual-mode Low-Power Laser Sensor Faucet,Cảm biến laser + solenoid cho phép kích hoạt nước theo thời gian thực và kích hoạt dòng nước liên tục,Basin / kitchen,Existing proposal,Điều khiển nước không cần dùng tay,"SRC-350, SRC-341"
ST-006,Runner,KDF Filter Shower Set,Tích hợp lõi lọc KDF có thể thay thế vào bộ sen tắm,Shower,Tooling,Lọc nước tại điểm sử dụng cho sen tắm,"SRC-351, SRC-342"
ST-007,Runner,Quick Drip Stop Shower Structure,Cấu trúc thủy lực bên trong nhằm ngăn nước tiếp tục nhỏ giọt sau khi tắt,Shower,Tooling,Giảm lượng nước nhỏ giọt sau khi sử dụng,"SRC-351, SRC-342"
ST-008,Runner,Interchangeable Shower Module / Outlet,Module đầu ra có thể thay thế để thay đổi cấu hình tia phun/chức năng,Shower,Concept,Nền tảng cho nhiều chức năng tia phun khác nhau,"SRC-351, SRC-342"
ST-009,Runner,Concealed Cartridge Technology,Kiến trúc cartridge điều nhiệt âm tường dạng mỏng,Shower,Concept,Cho phép lắp đặt âm tường nông hơn,"SRC-351, SRC-342"
ST-010,Runner,Hydraulic Switch Shower Combo,Cơ cấu thủy lực chuyển đổi giữa đầu sen và tay sen,Shower,US concept,Chuyển đổi chức năng mà không cần điện tử,"SRC-351, SRC-342"
ST-011,Runner,PPA Plastic Waterway Platform,"Đường nước bên trong bằng PPA đúc, nằm trong vỏ kim loại",Shower / faucet,Supplier platform,Giảm độ phức tạp gia công và giảm phần đường nước bằng đồng thau,"SRC-351, SRC-343"
ST-012,Hent,Push-Button Cartridge,Vận hành bằng nút nhấn theo phương trục để bật/tắt hoặc điều khiển chức năng,Shower / faucet,Existing product,Điều khiển nhỏ gọn ở mặt trước,"SRC-353, SRC-344"
ST-013,Hent,Push-Button Temperature Control Cartridge,Kiến trúc điều chỉnh nhiệt độ bằng nút nhấn và ceramic,Shower,Existing product,Giao diện âm tường nhỏ gọn,"SRC-353, SRC-344"
ST-014,Hent,Thermostatic Cartridge Family,Phần tử đáp ứng nhiệt độ điều chỉnh quá trình trộn nước nóng/lạnh,Shower,Existing product,Điều chỉnh nhiệt độ ổn định,"SRC-353, SRC-344"
ST-015,Hent,Brass/Zinc Faucet Waterway Architecture,Cấu hình đường nước được điều chỉnh cho các kết cấu vòi bằng đồng thau/kẽm,Faucet,Supplier platform,Hỗ trợ các kiến trúc sản phẩm/cấu trúc sản xuất khác nhau,"SRC-353, SRC-344"
ST-016,Lota,Integrated Shower Filtration,Tích hợp bộ lọc vào cột sen hoặc tay sen,Shower,New concept,Lọc nước mà không cần bộ lọc bên ngoài,"SRC-354, SRC-345"
ST-017,Lota,Magnetic Docking Spray Head,Đầu sen tự căn chỉnh và giữ vị trí bằng nam châm,Kitchen faucet,New concept,Gắn vào nhanh bằng một tay,"SRC-354, SRC-345"
ST-018,Lota,Face-U Multi-function Basin Mixer,Xoay vòi 90° để thay đổi giữa hướng phun lên mặt và hướng phun xuống để rửa,Basin,New concept,Giao diện chăm sóc cá nhân đa chức năng,"SRC-354, SRC-345"
ST-019,Lota,Clean Jet Spray Head,Tia phun hình quạt mạnh chuyên dụng để làm sạch bề mặt đầu phun,Shower / faucet,New concept,Tích hợp chức năng làm sạch,"SRC-354, SRC-345"
ST-020,Lota,Pressure Sensor Nozzle,Hình học/độ nhô của đầu phun thay đổi theo áp suất đầu vào; nhằm tăng lực tia và hỗ trợ loại cặn,Shower,New concept,Tia phun thích ứng theo áp suất,"SRC-354, SRC-345"
ST-021,Lota,Burst Shower Spray,"Chế độ mặc định tiết kiệm + tăng lưu lượng tạm thời, sau đó tự động trở về chế độ mặc định",Shower,New concept,Chỉ tạo tia phun mạnh khi cần,"SRC-354, SRC-345"
ST-022,Lota,SHUP Modular Non-metallic Waterway,Ống PERT mềm + các đầu nối tiêu chuẩn tạo thành đường nước bên trong dạng module,Basin / kitchen,Supplier platform,Giảm độ phức tạp của nền tảng/khuôn dụng cụ,"SRC-354, SRC-345"
ST-023,Sedal,TOP35 High-performance Cartridge,"Cartridge 35 mm kết hợp lưu lượng cao, độ ồn thấp và độ bền cao; nhà cung cấp công bố tới 1,5M chu kỳ ASME và 33 L/min @ 3 bar",Shower / bath,Existing product,Nền tảng lưu lượng cao và độ bền cao,"SRC-355, SRC-346"
ST-024,Sedal,DUE Water-saving Cartridge,Có điểm dừng giữa hành trình ở khoảng 60% hành trình cần gạt; nhà cung cấp công bố tiết kiệm nước tới 50%,Basin / shower,Existing product,Giới hạn lưu lượng thụ động,"SRC-355, SRC-346"
ST-025,Sedal,COLD Technology Cartridge,Vị trí cần gạt ở giữa cấp nước lạnh trước khi đường nước nóng được mở có chủ đích,Basin,Existing product,Tiết kiệm năng lượng thụ động,"SRC-355, SRC-346"
ST-026,Sedal,Nano Shelter / Sedalox Ceramic Compound,Công nghệ hợp chất ceramic nhằm kéo dài độ bền cartridge,Cartridge,Existing technology,Có khả năng kéo dài tuổi thọ sử dụng,"SRC-355, SRC-346"
ST-027,Sedal,Compact Thermostatic Cartridge,TM001C dạng nhỏ gọn giảm khoảng 15% chiều cao cartridge,Shower,Existing product,Kiến trúc âm tường dạng mỏng,"SRC-355, SRC-346"
ST-028,Sedal,Low-pressure High-flow Thermostatic,Đường nước đặc biệt cho vận hành ở áp suất thấp; nhà cung cấp công bố 16 L/min @ 0.6 bar và 34 L/min @ 3 bar,Shower,Existing product,Giải quyết trực tiếp vấn đề hiệu suất sen tắm khi áp suất thấp,"SRC-355, SRC-346"
ST-029,Solex,Slim Thermostatic Concealed Cartridge,Slim thermostatic concealed cartridge integrated into the Line Simplicity shallow-wall platform. The Line Simplicity presentation describes a slimmer thermostatic cartridge as a platform feature; retain this as supplier description. Do not infer a specific installation depth for this record independently of the configuration-specific values recorded in ST-056.,Line Simplicity concealed shower / thermostatic cartridge,Supplier platform,Giảm chiều sâu lắp đặt âm tường,SRC-356; SRC-347
ST-030,Solex,Built-in Water Shut-off Valve,"Built-in water shut-off valve located beneath the concealed cassette/box, allowing the water supply to be isolated for maintenance. The Line Simplicity presentation shows this as an integrated platform feature; do not infer isolation of other fixtures unless confirmed by the specific installation arrangement.",Line Simplicity concealed shower / maintenance,Supplier platform,Dễ cô lập để bảo trì,SRC-356; SRC-347
ST-031,Solex,Waterway Protection / Leak Test Structure,Waterway protection structure/cover protects the waterway from contamination during construction and supports leakage testing before final installation. Recorded as a feature of the Line Simplicity concealed box platform.,Line Simplicity concealed shower / pre-installation and leak test,Supplier platform,Giảm rủi ro do chất lượng lắp đặt,SRC-356; SRC-347
ST-032,Solex,Water Hammer Airbag,"Water-hammer airbag / compressible chamber integrated in the concealed box, described by supplier as absorbing pressure shock and vibration. Preserve as supplier-described mechanism; no quantified attenuation data is provided in this source.",Line Simplicity concealed shower / hydraulic protection,Supplier platform,Bảo vệ thủy lực thụ động,SRC-356; SRC-347
ST-033,Solex,"500,000-cycle Push-button Cartridge",Cartridge nút nhấn có tuổi thọ công bố 500k chu kỳ so với 200k chu kỳ tiêu chuẩn,Shower,Existing product,Độ bền cao kết hợp điều khiển nhỏ gọn,"SRC-357, SRC-347"
ST-034,Solex,Flexible Spray Low-pressure Head,"Supplier describes pressure-responsive nozzle geometry: outlet diameter changes with inlet pressure; smaller outlets at low pressure increase jet force, while larger outlets at higher pressure balance flow. Named modes/positioning include Eco-Versatile, Eco Genius Spray and Large Spray Coverage; the PDF does not establish these as separate mechanisms, so retain them as product/application claims rather than standalone technology records. Supplier-reported comparison: at 0.1 MPa, Flexible Spray 1.1 N vs Regular Spray 0.6 N; flow regulator 9.5 L/min. Test note refers to China water-efficiency test.",Showerhead / low-pressure spray,Supplier concept; claims not independently verified,"Potentially stabilizes jet force and coverage across pressure variation; verify nozzle geometry, flow and test conditions.","SRC-357, SRC-348"
ST-035,Solex,T-arget Massage Spray,T-arget Massage uses a focused T-shaped spray directed toward the shoulder/spine area. Supplier-reported claims: spray force 1.2 N (Normal Massage 1.0 N) and coverage greater than 200 mm. Measurement protocol and independent validation are not provided.,Showerhead / targeted massage spray,Supplier concept; claims not independently verified,"Targeted massage experience; assess coverage, force consistency and user comfort under defined pressure/flow.","SRC-357, SRC-348"
ST-036,Solex,Height-adjustable Low-wobble Head Shower,"Height-adjustable head shower uses a sliding adjustment with approximately 300 mm travel and a balancing mechanism intended to reduce wobble. Supplier-reported claims include 10,000 cycles and operating-force comparisons represented by lifting 1 kg, 2 kg, 3 kg and 3.5 kg under different water/operating conditions; preserve the source's test framing rather than converting to N.",Head shower / height adjustment,Supplier concept; claims not independently verified,"Adjustable for different user heights while maintaining stability; validate travel, wobble and operating force over life.","SRC-357, SRC-348"
ST-037,Jandao / Waternym,Anti-clogging Reverse-flush Spray Panel,Tấm đầu ra có thể đảo chiều để xả tạp chất từ mặt sau và có thể tháo ra để vệ sinh,Shower / faucet,Existing technology,Dễ bảo trì bề mặt đầu phun,"SRC-359, SRC-350"
ST-038,Jandao / Waternym,Multi-pressure Spray Panel Platform,"Các tấm đầu ra có thể thay thế, được tối ưu cho áp suất thấp / trung bình / cao",Shower,Existing technology,Thích ứng với áp suất theo từng khu vực,"SRC-359, SRC-350"
ST-039,Jandao / Waternym,Private-care + Granular Massage Spray,Các nhóm đầu ra riêng biệt cung cấp tia mềm/dày cho chăm sóc cá nhân và tia massage dạng hạt/tia áp lực,Shower,Existing technology,Kết hợp chăm sóc cá nhân và massage,"SRC-359, SRC-350"
ST-040,Seagull,Ozone Water Generation / Dispensing,Tạo nước ozone tại điểm sử dụng với kích hoạt không chạm,Faucet / treatment,New concept,Bổ sung chức năng xử lý nước tại đầu ra,"SRC-358, SRC-349"
ST-041,Seagull,Light-Flow Sync Interface,Cường độ LED thay đổi theo mức lưu lượng được chọn,Faucet / shower,New concept,Phản hồi trực quan khi tương tác,"SRC-358, SRC-349"
ST-042,Seagull,Volume-quantified Auto Shut-off,Theo dõi thể tích nước điện tử và tự động dừng dòng nước khi đạt lượng cài đặt trước,Faucet,New concept,Định lượng nước và ngăn tràn có kiểm soát,"SRC-358, SRC-349"
ST-043,Seagull,Smart Shower Touch + Display Control,"Điều khiển bằng nút chạm/màn hình cho nhiệt độ, lưu lượng, chức năng và cài đặt người dùng; bao gồm hẹn giờ và xả nước trước",Shower,New concept,Điều khiển kỹ thuật số theo nhu cầu cá nhân,"SRC-358, SRC-349"
ST-044,Yizhan,Push-button Diverter Cartridge,Nút nhấn thay đổi đầu ra sen; các phiên bản kết hợp bộ chuyển hướng + điều chỉnh lưu lượng,Shower,Existing product,Điều khiển đa chức năng nhỏ gọn,"SRC-360, SRC-351"
ST-045,Yizhan,Hot-Cold Push-button Cartridge,Giao diện nút nhấn kết hợp với điều chỉnh nhiệt độ nóng/lạnh,Shower,Existing product,Điều khiển nhiệt độ nhỏ gọn,"SRC-360, SRC-351"
ST-046,Yizhan,Cold-start Cartridge,Cần gạt khởi động từ vị trí nước lạnh; muốn dùng nước nóng phải chủ động di chuyển cần gạt,Basin,Existing product,Tiết kiệm năng lượng thụ động,"SRC-360, SRC-351"
ST-047,Yizhan,Two-phase Flow Regulator / Hot-limit Cartridge,Điều khiển hai cấp cho lưu lượng/nước nóng; có các phiên bản 35/40 mm có và không có bộ phân phối,Faucet / shower,Existing product,Lưu lượng mặc định thấp + lưu lượng cao hơn có kiểm soát / giới hạn nước nóng,"SRC-360, SRC-351"
ST-048,Yizhan,Cool-touch Cartridge / Faucet Architecture,Tách nhiệt giúp giảm truyền nhiệt tới các bề mặt bên ngoài mà người dùng chạm vào,Shower,Existing technology,An toàn nhiệt tại các bề mặt tiếp xúc,"SRC-360, SRC-351"
ST-049,Runner,Microbubble Spray,Chế độ phun microbubble sử dụng cấu trúc đầu ra microbubble chuyên dụng,Kitchen / basin,Concept,Giải pháp thay thế cho chế độ sục khí/tia phun thông thường,SRC-350
ST-050,Runner,Height-adjustable Spout,Có thể điều chỉnh chiều cao vòi/đầu ra trong khoảng xấp xỉ 0–80 mm,Basin faucet,Concept,Giảm nhu cầu cúi người và hỗ trợ nhiều thao tác sử dụng,SRC-350
ST-051,Lota,Quick Connection Shower Head,Adapter push-connect cho phép lắp/tháo nhanh đầu sen để vệ sinh,Shower,New concept,Đơn giản hóa bảo trì và lắp đặt,SRC-354
ST-052,Lota,Anti-Dripping Rain Shower Head,Cấu trúc chuyên dụng giúp giảm lượng nước còn nhỏ giọt sau khi tắt,Shower,New concept,Giải quyết vấn đề nước nhỏ giọt sau khi sử dụng,SRC-354
ST-053,Lota,One-button Sprayhead Control + Auto Reset,Một nút nhấn chuyển đổi tia phun và tự động trở về chế độ mặc định,Kitchen / shower,New concept,Tương tác đơn giản bằng một tay,SRC-354
ST-054,Solex,iDrain / Cold-water Drainage,"Solex iDrain / Cold Water Drainage combines (1) cold-water drainage before showering, with supplier-described automatic pause/transition when the set temperature is reached (31.5–36.5°C); (2) Easy Water Outlet Switch: rotate the button to switch between Rain Shower and Hand Shower; and (3) Water Stop with Temperature Memory: push to stop water and push again to resume while retaining the set temperature. User-confirmed control concept also includes push/unpush for stop/start and rotation for outlet selection. Pages 27–29 show application in multi-function concealed shower-system concepts (3+ functions). Supplier claims remain unverified.",Concealed shower / multi-function shower system,Supplier technology / system feature,"Combines cold-water drainage, outlet switching and temporary stop with temperature memory in one control interface.","SRC-356, SRC-357"
ST-055,Solex,Universal Level for Concealed Installation,Universal level integrated into the pre-embedded box to support orientation/alignment during installation before wall finishing. The Line Simplicity presentation also illustrates solid-wall and hollow-wall installation contexts; applicability depends on the corresponding box/configuration.,Line Simplicity concealed shower / installation alignment,Supplier platform,Giảm sai số căn chỉnh khi lắp đặt,SRC-356
ST-056,Solex,Line Simplicity Modular Concealed Box,"Line Simplicity is a modular concealed-shower platform comprising a main box and expandable function boxes. Across the two Solex source presentations, supplier configurations include 1F/2F/3F trim plates (240/290/340 mm length; 85 mm width), 65 mm box width, aluminum inter-box connections, integrated level, protective waterway case, maintenance shut-off valve and water-hammer airbag. The Line Simplicity Concealed Shower System presentation additionally describes: two cartridge options (Push Button Cartridge; Push Button with Flow Control Cartridge); variants including Roundway/Square, Integrated/Independent Flow Control, and 3F/4F; supplier-reported cartridge lifetime 500,000 cycles versus a stated standard 200,000 cycles; supplier-reported delivery of 100,000 cartridges. Installation-depth claims differ by source/configuration: KBC Innovations 2024 states minimum 72 mm for push-button cartridge; Line Simplicity presentation states minimum 70 mm; both state 86–106 mm for the version with flow-rate control. Preserve both source-specific values; do not reconcile without supplier confirmation. Applications shown include adjustable Rain Spray, Shower/Jet Body Spray switching, angle-adjustable Body Spray, Dual-function Head Shower and 40° adjustable Shoulder Spray. These are platform configurations/applications, not separate technology records.","Concealed shower / modular platform; cartridge and outlet configurations; Rain Spray, Body Spray, Head Shower and Shoulder Spray applications","Supplier platform; dimensions, cycle life and delivery volume are supplier-reported claims, not independently verified",Modular concealed installation and configurable shower functions; source-specific dimensional differences and performance/lifetime claims require configuration-level traceability,SRC-356; SRC-357
ST-057,Yizhan,PPA Shelf Waterway Platform,Đường nước bằng nhựa PPA kết hợp với vỏ kẽm/thép không gỉ; nhà cung cấp công bố đường nước có khả năng chống bỏng và không chứa chì,Faucet / shower,Supplier platform,Kiến trúc đường nước phi kim loại,SRC-360
ST-058,Yizhan,High-performance / Cold-start Cartridge Family,"Dòng cartridge NF077 CH3 kết hợp các đặc tính khởi động bằng nước lạnh, tiết kiệm năng lượng và độ bền",Faucet,Existing product,Nền tảng cartridge tiết kiệm năng lượng thụ động,SRC-360
ST-059,Solex,Medical Filtration Faucet / Medical Mixer,"Supplier proposes wall-mounted and deck-mounted medical mixers with mechanical or sensor operation and a built-in replaceable medical filter. Supplier specifications: external-pressure hollow-fiber ultrafiltration membrane; polyurethane membrane material; 0.05 μm filtration accuracy; stated interception of microorganisms including Legionella, Pseudomonas aeruginosa and total coliform; flow rate >2 L/min at 2 bar; optional gamma irradiation sterilization before shipment. Supplier states replacement is based on flow reduction and local conditions, with no specific consumption value. The 99.99% sterilization claim is supplier-reported and must not be treated as independently validated. This medical filtration faucet is distinct from the Healthcare Faucet / Oral Care product group.",Medical-care faucet / mixer with integrated replaceable filtration element.,Supplier proposal; performance and microbiological claims not independently verified.,Potential application where point-of-use filtration and serviceable replacement are required; verify regulatory and clinical requirements separately.,SRC-364
ST-060,Solex,Hydrogen Faucet,"Supplier identifies low flow rate leading to low power generation as a market pain point and lists integrated control, efficient power generation and easy maintenance as advantages. The source does not disclose the hydrogen-generation mechanism, output, water-quality requirements, electrical architecture, efficiency, or test results.",Hydrogen-water faucet concept.,Supplier concept; technical mechanism and maturity not disclosed.,"Requires mechanism, safety, output and maintenance evidence before engineering assessment.",SRC-364
ST-061,Solex,Neo Universal All-in-One Unit — Filter & CO₂ Bottle Inside,"Supplier presents Neo / Intelligent Built-in Unit with a Universal All-in-One Unit integrating filter and CO₂ bottle inside a built-in kitchen unit. Filter type, CO₂ capacity, dimensions and operating parameters are not stated. Link to existing Solex Water System / Universal All-in-One platform; do not create a duplicate platform record.",Kitchen built-in drinking-water system; filter and CO₂ bottle housed inside unit.,Supplier concept; maturity not stated.,Configuration/application extension of integrated water system.,SRC-367
ST-062,Solex,Smart Dispense — Smart Fill Auto Stop Faucet,"Supplier presents a Smart Fill Auto Stop Faucet with “No waiting, No wasting.” Sensing principle, fill-volume range, accuracy, shut-off mechanism and measured water savings are not disclosed. Related to Ration Tub/Shower measured bath-spout dispensing as a cross-application concept; identical mechanism is not established.",Kitchen faucet; automatic stop while filling a vessel.,Supplier concept; mechanism and performance not disclosed.,Kitchen application related to measured-volume dispensing; retain distinction from bath-spout application.,SRC-367
ST-063,Solex,AI Clean,"Supplier shows smart fruit and vegetable recognition with automatic cleaning-mode activation, one-touch automatic cleaning, and leakage detection alarm. Recognition method, cleaning process, leak sensor placement, notification path, automatic shutoff behavior and validation are not specified.","Kitchen sink / sink workstation: produce washing, sink cleaning and leakage alarm.",Supplier concept; technical implementation not disclosed.,Kitchen sink application; do not infer automatic leak shutoff.,SRC-367
ST-064,Solex,MultiSync,"Supplier lists MultiSync controls for Drinking Faucet, Waterfall Spout and Waste Disposer; Smart Control; and Waste Disposer Linked Boiling Water Supply. Control architecture, communication protocol, interlocks, safety logic and operating sequence are not disclosed.","Integrated kitchen sink workstation with drinking faucet, waterfall spout, waste disposer and linked boiling-water supply.",Supplier system concept; implementation not disclosed.,System-level kitchen application; retain all named connected functions.,SRC-367
ST-065,Solex,Bubble Massage,"Supplier presents a bathtub/basin with visible bubbles and the phrase “Powerful Bubble Massage.” Bubble-generation mechanism, air/water circuit, bubble size, flow/air rate, noise and performance data are not provided.",Bathtub / bathing system; bubble-massage experience.,Supplier concept; mechanism not disclosed.,Bathing experience concept; do not equate with shower microbubble generation absent evidence.,SRC-367
ST-066,Solex,SmartTemp,"Supplier claims 2× faster temperature response and high stability under water-pressure fluctuations; slide compares 2 s for Solex electric thermostatic valve core with 4 s for a regular thermostatic valve core. Also shows customizable warm-up temperature presets and AI personalized shower-preference learning. Test conditions and validation are not provided. Link to existing digital thermostatic control / DualMaster records, not a separate valve architecture.",Digital/electric thermostatic shower control; presets and preference learning.,Supplier-reported claims; not independently validated.,Additional feature/claim set for digital thermostatic control.,SRC-367
ST-067,Solex,ElecAI Master,"Supplier shows parallel multi-unit connection with independent temperature control; AI temperature control and anti-scale protection; AI user-habit learning; IoT remote control and water-usage tracking. Number of supported units, anti-scale mechanism, protocol, data granularity and validation are not disclosed.","Multi-point shower / water-heating system with independent control, remote access and water-use tracking.",Supplier system concept; technical implementation not disclosed.,System-level feature set related to digital control and connected bathroom systems; not a valve-only record.,SRC-367
ST-068,Solex,RainJoy — Realistic Rain Shower Head,"Supplier presents a “Realistic Rain Shower Head” positioned for “Natural Rainfeel” and an immersive shower. No nozzle layout, droplet distribution, flow rate, pressure range, coverage or test results are supplied.",Bathroom shower system / rain showerhead.,Supplier concept; spray mechanism and performance not disclosed.,Record as a named showerhead concept; no specific spray technology inferred.,SRC-367
ST-069,Solex,Auto Guard,"Supplier illustration depicts an AI-enabled module, Wi-Fi connectivity, app/dashboard and a leak-alert symbol in a residential water/sink context. Sensor type, detection threshold, automatic shutoff, coverage, notification method, protocol and validation are not specified.",Connected residential water system / kitchen-sink installation; leak-alert monitoring concept.,Supplier concept; implementation not disclosed.,Related to AI Clean leakage alarm but broader connected-system context; keep as a separate concept.,SRC-367
ST-070,Solex,ThermoHybrid — Mechanical/Electronic Parallel Thermostatic Faucet,"Supplier describes a parallel mechanical/electronic thermostatic faucet. Control box includes three NTC sensors at hot/cold inlets and outlet; separate motors control temperature and flow, with optional solenoid valve. Sensor mode: approach detection activates flow and controls temperature according to handle position; re-detection stops water. Mechanical mode allows handle-operated flow when power is off, with motorized temperature adjustment and three-level flow control. Supplier claims easier operation, more sensitive/precise control and lower power consumption; no independent test data provided. The source's architecture and operation are retained as supplier-described; no control algorithm or fail-safe behavior is inferred.",Kitchen faucet; sensor and mechanical operating modes in parallel.,Supplier concept / development status not independently verified.,Dual-mode operation and separate temperature/flow control may be relevant to kitchen faucet architecture.,SRC-364
ST-071,Solex,TOF + IR Sensor Technology,"Supplier describes IR scanning during non-working/standby state for lower power use; when a person approaches, system switches to TOF mode for higher sensitivity. Supplier comparison assumes 50 cycles/day and 4 AA alkaline batteries: battery life shown as 0.25 year for TOF and 2 years for TOF+IR; average standby consumption shown as 720 µA vs 50 µA. Claims of 8× battery life and approximately one-tenth standby power are supplier-reported; preserve the stated test assumptions and do not treat as independently validated.",Sensor faucet / touchless faucet activation and presence detection.,Supplier-described technology; validation not provided.,Potential low-power sensing architecture for touchless faucet applications.,SRC-364
ST-072,Solex,PowerRinse / High-frequency Pulse Spray,"PowerRinse combines a regular spray with high-frequency pulse spray to provide large spray coverage. Supplier-reported spray force: regular spray 2.06 N; PowerRinse 2.41 N. The PDF does not provide pulse frequency, waveform, nozzle mechanism or test protocol; do not infer these details.",Showerhead / rinsing performance and large spray coverage,Supplier technology / claim; not independently validated,Potential rinsing and coverage improvement; mechanism and repeatability require further evidence,SRC-357
ST-073,Solex,Ration Tub/Shower — Measurable Bath Spout,"A shower/bath system with measurable bath-spout dispensing. Supplier presents volume-based examples: Baby Bath approximately 100 L; Relieve Pressure 200 L; Deep Enjoyment 300 L. The source does not specify measurement accuracy, sensing method, shut-off tolerance or calibration conditions.",Tub/shower system / measured bath-spout water dispensing,Supplier concept; performance not independently validated,Volume-based dispensing application for bath preparation; link to existing measured/volume-controlled dispensing radar without assuming identical mechanism,SRC-357
ST-074,Solex,EMS Technology — Lifting Your Skin by Showering,"Supplier presents EMS (Electrical Muscle Stimulation) as a shower-related skin-care/wellness technology and makes claims concerning skin lifting, cell replication, collagen and muscle elasticity. The reviewed material does not provide sufficient test protocol, study design, measured outcomes or independent clinical evidence to validate these claims. Applications shown include exposed and concealed shower systems / shower terminal.","Exposed shower, concealed shower and shower terminal / personal-care experience",Supplier concept and claims; not independently validated,Record as a supplier technology; separate the proposed shower application from health/clinical efficacy claims,SRC-357
ST-075,Solex,Digital Panel Shower System,"Supplier system integrates a digital panel/remote control with cold-water drainage and electronic water control. Described elements include NTC temperature detection at 38°C, continued drainage for 5 seconds before shutoff, remote-control distance up to 10 m, hydropower generation/AC-to-DC conversion, lithium battery charging to 4.2 V, and battery supply to the control board, solenoid valve and display. Page 47 shows the battery box beneath the shower system; user-confirmed review note: battery box is user-replaceable. Preserve supplier specifications and distinguish user-confirmed replaceability from claims needing validation.",Digital shower system / shower panel with remote control and power supply,Supplier system concept; specifications not independently verified,"System architecture combining remote operation, drainage control, power generation/storage and electronic valves; verify electrical safety, battery serviceability and fail-safe behavior",SRC-357
ST-076,Solex,Electric Micro-bubble Technology,"Supplier describes an electric micro-bubble generation architecture using a booster pump to increase water pressure/gas-liquid solubility and an air pump to continuously supply air. Supplier-reported claims include microbubbles 3× smaller/denser than regular mechanical microbubble and size range 0.001–100 μm. Further supplier-reported claims include oil removal 58%, sterilization 15% and pesticide-residue removal 92.8%; the PDF references third-party results but the underlying report details must be retained/verified before relying on them. Applications shown include electric water heater, concealed shower and bathtub.","Electric water heater, concealed shower and bathtub",Supplier technology; performance claims not independently verified,Active gas-liquid microbubble generation; distinguish architecture and reported results from verified efficacy,SRC-357
ST-077,Solex,E60057 Central Processing Unit — Digital Shower Control,"Supplier describes a central processor mounted above the bathroom ceiling, with motorized temperature control and battery valves for outlet selection; control panel and mobile app support personalized presets. Supplier-provided specifications: working pressure 0.05–0.5 MPa; ultimate pressure resistance 2.5 MPa; service life 200,000 cycles; input 100–240 V, output DC 24 V; IPX4; up to 5 water outlets; 3 adjustable flow-rate settings. Treat all specifications as supplier-provided, not independently validated. Keep as a system/platform record; do not merge automatically with the Digital Panel Shower System without architecture evidence.",Centralized digital shower control / multi-outlet bathroom system,Supplier system/platform; specifications not independently verified,"System-level control of temperature and multiple outlets with presets; assess installation, electrical safety, valve architecture and serviceability",SRC-357
ST-078,Solex,Weightless Faucet Family — Spring-return Pull-down Faucet,"Supplier presents a pull-down faucet designed without a heavy counterweight. The mechanism diagram identifies an inner tube, draw tube, spray head, spring and spring limit; the head automatically resets after use. Supplier states the main body diameter requirement is greater than Ø24 mm. No pull force, return time, cycle life or test conditions are disclosed.",Kitchen faucet / pull-down spray head,Supplier concept; mechanism and performance not independently validated,"Potentially reduces under-sink counterweight and simplifies installation; validate return behavior, hose routing, pull force and durability",SRC-364
ST-079,Solex,Pulse Blade Spray,"Supplier describes a faucet spray mode for stubborn stains. Spray head modes include Aerated Spray, Soft Spray and Pulse Blade Spray. Light button actuation drives a push rod and impeller to change the oscillation angle of the blade spray. Supplier-reported cleaning-range tests at 30 cm: Solex Pulse Blade 24–25 cm at 20/45/60 psi with flow 1.98/3.04/3.58 L/min; Kohler Sweep Spray 18–19 cm at 20/45/60 psi with flow 3.21/4.92/5.72 L/min; Regular Blade 19–20 cm at 20/45/60 psi with flow 1.77/2.70/3.12 L/min. Preserve as supplier test data; protocol and independent validation are not provided.",Kitchen faucet / selectable spray head for cleaning,Supplier technology and comparative test claims; not independently validated,"Oscillating blade-like spray may support focused cleaning; verify spray geometry, oscillation frequency, soil removal protocol and comparable test conditions",SRC-364
ST-080,Solex,Raindance Faucet,"Supplier presents a faucet with push-button activation of Raindance water, adjustable spray direction/angle (illustrated movement up/down and 90° rotation), pull-down function and automatic reset after use. No spray distribution, flow rate, pressure range, coverage or reset-cycle data are disclosed.",Kitchen faucet / adjustable directional spray and pull-down head,Supplier concept; mechanism and performance not independently validated,"Combines selectable spray activation, directional adjustment and pull-down return; retain as a product concept distinct from Pulse Blade",SRC-364
ST-081,Solex,Foldable Waterfall Faucet,"Supplier marks this concept as pending. Described features: foldable design for space saving; wide-coverage rinse for vegetables and fruit; flexible rinse with pull-down function. The slide also shows a lock slider, with unlock action before flipping the waterfall element. No dimensions, flow rate, locking durability or coverage test are disclosed.",Kitchen faucet / foldable waterfall outlet for produce rinsing,Supplier concept; explicitly marked pending,Potentially combines compact storage with wide rinse coverage; retain pending status and do not infer readiness or performance,SRC-364
ST-082,Solex,Healthcare Faucet — 2-in-1 Pull-out Oral Care Faucet,"Supplier presents a healthcare/oral-care faucet concept with a replaceable pull-out oral-care component. Modes/features include Mouthwash, Aerated Spray, Full Spray and Water Flosser, with flexible switching. Mouthwash operation: press top button, open handle and rotate to switch; Water Flosser supports stepless flow regulation. Quick-connect/replace sequence uses push buttons to remove the mouthwash part and install the water-flosser part. Different colors are shown for family-member identification. Supplier-reported water-impact-force data: Solex prototype 0–16.5 g; the slide compares it with named market products and claims a level near 60% of electronic water flossers. Preserve the comparison as supplier-reported; test method, sample count and independent validation are not provided. The 2-in-1 Pull-out Oral Care Faucet is a product configuration within this Healthcare Faucet record, not a separate technology record.",Basin / healthcare and oral-care faucet; family personal-care use,Supplier concept; test claims not independently validated,"Combines faucet use and oral-care functions through interchangeable attachments; verify hygiene separation, backflow prevention, cleanability, attachment retention and water-flosser performance",SRC-364
