ID,Status,Name,Purpose,Prompt
"RS-01","CURRENT","Research Scope Discovery","Derive the smallest research scope needed for the decision.","Purpose:\n  Define the minimum research scope required to support the user's decision.\n\nInput:\n  [REQUEST]: user question or research need\n  [CONTEXT]: known constraints, existing evidence, or prior findings when available\n\nTask:\n  - Define the objective and decision to support.\n  - Separate KNOWN, WORKING and OPEN items.\n  - Identify blocking unknowns.\n  - Classify research topics as MUST / SHOULD / COULD.\n  - Define the minimum sufficient stop condition.\n\nOutput:\n  - Objective\n  - Decision to support\n  - KNOWN / WORKING / OPEN\n  - MUST / SHOULD / COULD\n  - Research route\n  - Stop condition\n\nRules:\n  - Do not ask the user to design the research plan.\n  - Ask only when an unresolved point materially blocks reliable work.\n  - Do not expand into unrelated research.\n  - Preserve the user's terminology and constraints.\n  - Repeat: research only what can materially change the decision; stop when the stop condition is met."
"RS-02","CURRENT","Engineering Research Frame","Create a concise engineering research frame before non-trivial research.","Purpose:\n  Convert a non-trivial engineering question into an executable research frame.\n\nInput:\n  [REQUEST]: research question\n  [CONTEXT]: available context, constraints, existing evidence\n\nTask:\n  - Define objective and decision.\n  - Record constraints.\n  - Separate KNOWN / WORKING / OPEN assumptions.\n  - Identify evidence required.\n  - Select research route.\n  - Define stop condition.\n\nOutput:\n  - Objective / decision\n  - Constraints\n  - KNOWN / WORKING / OPEN\n  - Evidence required\n  - Research route\n  - Stop condition\n\nRules:\n  - Do not invent missing constraints.\n  - Do not perform deep research unless required by the decision.\n  - Preserve the user's terminology.\n  - Repeat: the frame is a routing layer, not the research result."
"RS-03","CURRENT","Product Mechanism Technology Research","Research products, mechanisms, technologies and precedents relevant to an R&D concept.","Purpose:\n  Verify relevant products, technologies, mechanisms and commercial precedents for an R&D concept.\n\nInput:\n  [CONCEPT / IDEA]: idea or technology to investigate\n  [CONTEXT]: application, constraints, existing evidence\n\nTask:\n  - Search manufacturer/primary and technical sources first.\n  - Verify product existence and advertised function.\n  - Investigate internal mechanism only when supported by technical evidence, drawings, patents or equivalent evidence.\n  - Classify precedents as DIRECT / ALTERNATIVE / ADJACENT.\n  - Identify evidence gaps and engineering implications.\n\nOutput:\n  - Relevant precedent / product\n  - Technology / mechanism\n  - Evidence / source\n  - Precedent class\n  - What is verified vs inferred\n  - Engineering implication\n  - Remaining gaps\n\nRules:\n  - Product existence or advertised function does not prove hidden internal mechanism.\n  - Do not infer mechanism from UX alone.\n  - Distinguish external evidence from project knowledge.\n  - Do not claim novelty from absence of found precedents.\n  - Repeat: only supported mechanism statements may be presented as facts."
"RS-04","CURRENT","Material Process Supplier Research","Research materials, processes, components and commercial suppliers for prototyping or implementation.","Purpose:\n  Identify technically relevant materials, processes, components and supplier options for an R&D concept.\n\nInput:\n  [REQUIREMENT]: material/process/component/supplier need\n  [APPLICATION]: intended use and constraints\n\nTask:\n  - Use manufacturer TDS/SDS/application data where available.\n  - Identify relevant grades, processes, components or suppliers only where evidence supports them.\n  - Check compatibility, processing, durability and practical sourcing risks.\n\nOutput:\n  - Candidate material/process/component/supplier\n  - Evidence/source\n  - Relevant specification or capability\n  - Compatibility / processing considerations\n  - Durability / sourcing risks\n  - Unknowns\n\nRules:\n  - Generic chemistry does not prove a specific commercial grade.\n  - Supplier marketing claims must be treated as supplier claims unless independently supported.\n  - Do not infer integration capability without evidence.\n  - Repeat: trace each consequential claim to the best available source."
"RS-05","CURRENT","Patent Prior-Art Research","Find and compare relevant patent/prior-art signals for an R&D concept.","Purpose:\n  Identify technically relevant patents and prior-art signals for an R&D concept.\n\nInput:\n  [CONCEPT / MECHANISM]: target concept\n  [CONTEXT]: known terminology, competitors, dates, jurisdictions when relevant\n\nTask:\n  - Search using keywords, mechanism terminology and CPC/IPC where useful.\n  - Inspect strong candidates beyond title/abstract.\n  - Review independent claims, relevant dependent claims, figures, family and status when material.\n  - Compare relevance to the target concept.\n\nOutput:\n  - Patent / prior-art candidate\n  - Relevance and disclosed mechanism\n  - Key claim/figure evidence\n  - Family / status when material\n  - Similarity / difference to concept\n  - Unresolved IP questions\n\nRules:\n  - Do not claim novelty or freedom-to-operate from a search alone.\n  - Absence of found patents is not proof of novelty.\n  - This is technical research, not legal advice.\n  - Repeat: distinguish technical similarity from legal conclusion."
"RS-06","CURRENT","Engineering Literature Research","Research engineering/scientific evidence for mechanism, material, performance, compatibility or reliability questions.","Purpose:\n  Find technical/scientific evidence relevant to an engineering question.\n\nInput:\n  [QUESTION]: engineering/scientific question\n  [CONTEXT]: material, mechanism, operating conditions, constraints\n\nTask:\n  - Decompose the question into applicable physical principle, mechanism, materials, processing, performance, compatibility, degradation, reliability and test methods.\n  - Use authoritative technical sources and literature.\n  - State applicability, limitations and conflicts.\n\nOutput:\n  - Question / sub-question\n  - Evidence / source\n  - Technical finding\n  - Applicability\n  - Limitations / conflicts\n  - Implication for the engineering decision\n\nRules:\n  - Do not generalize beyond the studied conditions without stating the limitation.\n  - Distinguish measured evidence from theoretical inference.\n  - Repeat: applicability must be stated for consequential findings."
"RS-07","CURRENT","Deep Research Escalation","Run deeper research only when broad, conflicting, high-risk or decision-critical uncertainty remains.","Purpose:\n  Escalate research depth when normal research cannot reliably support the decision.\n\nInput:\n  [QUESTION / DECISION]: decision to support\n  [CURRENT EVIDENCE]: findings already available\n  [GAPS]: unresolved consequential gaps\n\nTask:\n  - Reframe the research around the decision.\n  - Use multiple source types and rounds where useful.\n  - Seek independent corroboration and disconfirming evidence.\n  - Verify consequential claims.\n  - Stop when additional work is unlikely to change the decision.\n\nOutput:\n  - Decision frame\n  - Evidence synthesis\n  - Corroboration / conflict\n  - Key unresolved gaps\n  - Confidence\n  - Stop rationale\n\nRules:\n  - Escalate only for broad, conflicting, high-risk or decision-critical uncertainty.\n  - Do not research for volume.\n  - Repeat: depth must be justified by decision impact."
"RS-08","CURRENT","Evidence Synthesis","Merge research findings into one engineering decision-support result.","Purpose:\n  Consolidate evidence from multiple findings into a decision-support result without losing evidence boundaries.\n\nInput:\n  [FINDINGS]: research findings\n  [DECISION]: decision that the findings must support\n\nTask:\n  - Consolidate decision-relevant evidence.\n  - Build a comparison or feature map when useful.\n  - Interpret engineering implications.\n  - Identify risks and unresolved evidence.\n\nOutput:\n  - Conclusion\n  - Decision-relevant evidence\n  - Comparison / feature map when useful\n  - Engineering interpretation\n  - Risks\n  - Unresolved evidence\n  - Next steps\n  - Sources\n  - Evidence labels: EVIDENCED / INFERRED / PROPOSED / WORKING ASSUMPTION / UNKNOWN\n\nRules:\n  - Never merge inference into evidence.\n  - Never remove material uncertainty to make the conclusion cleaner.\n  - Repeat: every consequential conclusion must be traceable to supporting evidence or explicitly labeled inference."
"RS-09","CURRENT","Evidence Gap Analysis","Identify the missing evidence that could change the decision.","Purpose:\n  Identify the smallest evidence gap that could materially change an engineering decision.\n\nInput:\n  [CLAIM / QUESTION]: target claim or question\n  [CURRENT EVIDENCE]: evidence already available\n  [DECISION]: decision affected\n\nTask:\n  - State what is already supported.\n  - Identify missing evidence.\n  - Assess decision impact.\n  - Define the smallest next research action.\n\nOutput:\n  - Claim / question\n  - Current evidence\n  - Missing evidence\n  - Decision impact\n  - Smallest next research action\n  - Stop condition\n\nRules:\n  - Do not expand into unrelated research.\n  - Do not treat “not found” as proof of absence.\n  - Repeat: prioritize gaps that can change the decision."
"EV-01","CURRENT","Idea Evaluation","Evaluate an R&D idea using decision-relevant criteria without forcing a numeric ranking.","Purpose:\n  Evaluate an R&D idea after evidence review and against criteria relevant to the decision.\n\nInput:\n  [IDEA]: idea to evaluate\n  [EVIDENCE]: available verified findings\n  [CONTEXT]: target application / decision criteria\n\nTask:\n  - Assess User Value, Technical Feasibility, Novelty/Differentiation, Business Potential and Evidence as applicable.\n  - Explain the evidence and major uncertainty for each criterion.\n  - Identify blocking issues and next action.\n\nOutput:\n  - User Value\n  - Technical Feasibility\n  - Novelty / Differentiation\n  - Business Potential\n  - Evidence strength\n  - Major uncertainties\n  - Decision implications\n  - Next action\n\nRules:\n  - Do not invent evidence.\n  - Do not force a numeric score unless explicitly requested.\n  - Do not present missing evidence as negative proof.\n  - Repeat: evaluation is evidence-based and uncertainty must remain visible."
"EV-02","CURRENT","Deep Analyze Idea","Deeply analyze a selected R&D idea after it passes the required evaluation gate.","Purpose:\n  Perform a deeper engineering analysis of a selected R&D idea.\n\nInput:\n  [IDEA]: selected idea\n  [CURRENT EVIDENCE]: existing evidence and review findings\n  [DECISION]: next decision to support\n\nTask:\n  - Analyze user problem/value, existing solutions/competitors, technology/mechanism, feasibility, risks, patent/IP landscape, application, assumptions and verification needs.\n  - Escalate research depth only where consequential uncertainty remains.\n\nOutput:\n  - Problem / value\n  - Existing solutions / competitors\n  - Technology / mechanism\n  - Feasibility\n  - Technical risks\n  - Patent / IP signals\n  - Product/application concept\n  - Assumptions / unknowns\n  - Verification plan\n  - Recommendation for next engineering step\n\nRules:\n  - Do not perform deep analysis simply because an idea exists.\n  - Distinguish verified evidence, inference and proposal.\n  - Repeat: deep analysis is for selected ideas and decision-relevant uncertainty only."
"RS-10","CURRENT","Claw Market Pull Scout","Daily discovery of evidence-grounded R&D opportunities from user needs, product limitations and unresolved market DELTAs.","Purpose:\n  Discover new Market Pull opportunity seeds for bathroom, shower, faucet and water-fitting innovation without requiring a predefined idea.\n\nInput:\n  [DISCOVERY CONTEXT]: target product/domain/strategic direction when available\n  [KNOWLEDGE CONTEXT]: relevant Knowledge Sheet, Market Signals, Competitor Tech, existing ideas and prior Claw learning\n\nTask:\n  - Read relevant existing knowledge and prior DROP / HOLD / BASELINE / WATCH learning first.\n  - Identify credible user/customer needs, friction, unmet outcomes, contradictions, product limitations or recurring usability problems.\n  - For each promising signal establish:\n      WHO\n      CONTEXT\n      NEED / PAIN\n      BEST EXISTING SOLUTION\n      WHAT IT SOLVES\n      REMAINING LIMITATION\n      MEANINGFUL DELTA\n      REQUIRED PRODUCT / PHYSICAL FUNCTION\n  - Search external evidence only where necessary to validate a consequential market or product signal.\n  - Generate several distinct solution architectures from the required function.\n  - Avoid feature-copying, CMF changes, simple position changes and supplier-component integration presented as innovation.\n  - Check obvious fitting applicability and existing-solution collision.\n  - Preserve promising opportunity seeds even when the final architecture remains uncertain.\n\nOutput:\n  - Market signal\n  - Evidence / source\n  - Existing solution\n  - Remaining limitation\n  - DELTA\n  - Required function\n  - Candidate architectures\n  - User value\n  - Fitting applicability\n  - Evidence status\n  - Main uncertainty\n  - Discovery disposition: KEEP / WATCH / DROP\n\nRules:\n  - A competitor feature gap alone is not proof of user need.\n  - Competitor absence is not proof of whitespace.\n  - Missing evidence is UNKNOWN, not negative evidence.\n  - Do not invent user pain or market demand.\n  - Do not force technology into a market problem.\n  - Prefer meaningful outcome DELTA over feature novelty.\n  - Do not deep-research every signal.\n  - Use existing Knowledge Sheet before external research.\n  - Every consequential factual statement must be traceable to evidence or labelled INFERRED / WORKING ASSUMPTION / PROPOSED / UNKNOWN.\n  - 0 qualified opportunities is a valid output."
"RS-11","CURRENT","Claw Tech Push Scout","Daily discovery of transferable technologies, mechanisms and physical capabilities from adjacent or distant industries.","Purpose:\n  Discover technology-transfer opportunities that can create new capabilities in bathroom, shower, faucet and water-fitting products.\n\nInput:\n  [DISCOVERY CONTEXT]: target product/domain/strategic direction when available\n  [KNOWLEDGE CONTEXT]: relevant Tech Radar, Supplier Tech, Competitor Tech, existing ideas and prior Claw learning\n\nTask:\n  - Read existing Tech Radar and prior technology-transfer learning first.\n  - Search adjacent or distant industries for technologies, mechanisms, materials, architectures and physical principles that demonstrate a transferable capability.\n  - Prefer technology signals with evidence of real implementation rather than speculative concepts.\n  - Abstract each technology as:\n      Source application\n      Function\n      Physical principle\n      Mechanism / architecture\n      Boundary conditions\n      Demonstrated capability\n  - Screen transfer viability for fitting conditions:\n      water\n      pressure\n      temperature\n      wet environment\n      debris / scale\n      cleaning chemicals\n      potable-water contact where relevant\n      package\n      manufacturing\n      cost\n      noise\n      durability / cycle exposure\n  - Use Supplier Tech as supporting evidence only when the capability and source are sufficiently established.\n  - After transfer screening, map surviving mechanisms into fitting insertion points:\n      nozzle\n      spray face\n      waterway\n      cartridge\n      diverter\n      manifold\n      hose\n      rail\n      mixer\n      column\n      connection\n      surface\n      other justified architecture\n  - Generate candidate product/system capabilities only after the mechanism is established.\n\nOutput:\n  - Technology signal\n  - Source application\n  - Physical principle\n  - Mechanism / architecture\n  - Demonstrated capability\n  - Evidence / source\n  - Boundary conditions\n  - Transfer risks\n  - Fitting insertion point\n  - Candidate product capability\n  - Potential user value\n  - Evidence status\n  - Main uncertainty\n  - Discovery disposition: KEEP / WATCH / DROP\n\nRules:\n  - Mechanism before application.\n  - Commercial availability does not prove shower compatibility.\n  - Supplier component availability does not equal innovation.\n  - Do not turn a known fitting component into a new idea merely by changing its location.\n  - Do not force a user pain point onto every technology signal.\n  - Technology existence does not prove transferability.\n  - Missing evidence is UNKNOWN, not failure.\n  - Do not claim novelty from absence of found precedents.\n  - Avoid technologies already classified as BASELINE unless a materially different capability is demonstrated.\n  - 0 qualified transfer candidates is a valid output."
"RS-12","CURRENT","Claw Idea Convergence","Convert independent Market Pull and Tech Push discoveries into distinct, traceable candidate R&D ideas with an explicit discovery quality gate.","Purpose:\n  Converge independent Market Pull and Tech Push discoveries into a small set of candidate R&D ideas while preventing shallow combinations, duplicates, baseline leakage and technology-first ideas without meaningful product value.\n\nInput:\n  [MARKET PULL OUTPUT]: RS-10 findings\n  [TECH PUSH OUTPUT]: RS-11 findings\n  [KNOWLEDGE CONTEXT]: existing ideas, Knowledge Sheet, Competitor Tech, Supplier Tech and prior Claw learning\n  [BATCH 1 LEARNING]: human-reviewed failure patterns from the previous Claw batch\n\nTask:\n  - Separate each candidate into:\n      Market Pull origin\n      Tech Push origin\n      Recombination origin\n  - For every candidate identify:\n      Problem / opportunity\n      Existing solution or source technology\n      Remaining DELTA / transferable capability\n      Proposed product/system response\n      User/product benefit\n      Technology / mechanism\n      Fitting insertion point\n      Evidence\n      Main uncertainty\n  - Perform lightweight duplicate and baseline checks before accepting a candidate.\n  - Apply the Discovery Quality Gate before KEEP/WATCH admission.\n  - Classify each surviving item as PRODUCT IDEA, TECHNICAL ENABLER, VARIANT, BASELINE, DUPLICATE, or DROP as applicable.\n\nDiscovery Quality Gate:\n  1. USER / PRODUCT OUTCOME: state the materially improved user or product outcome and make it observable or testable.\n  2. EXISTING-SOLUTION CHECK: identify whether the same outcome is already adequately solved by a commercial, patent or established technical solution.\n  3. MEANINGFUL DELTA: require a material difference in outcome, physical capability or architecture; mechanism/material/location/geometry variation alone is insufficient.\n  4. PRODUCT VS ENABLER: route mechanisms that mainly enable another product capability to Tech Radar / Knowledge Sheet instead of forcing a standalone product idea.\n  5. COMPLEXITY JUSTIFICATION: when additional BOM, seals, moving parts, actuators, sensors, energy, packaging, manufacturing, noise or durability risk is added, state the benefit that justifies it.\n  6. TRANSFERABILITY: for Tech Push candidates, ensure the demonstrated source capability is credibly transferable under fitting conditions.\n\nRules:\n  - Reject simple feature copies, CMF variants, position-only changes, supplier-component integration without system-level value, competitor imitation and technology decoration without user/system benefit.\n  - Do not force Market Pull + Tech Push combinations.\n  - Do not create a standalone idea only because a mechanism is novel, exists in another industry, or is technically interesting.\n  - Prefer meaningful outcome DELTA over mechanism novelty.\n  - Preserve unconventional but technically plausible and evidence-grounded candidates.\n  - Missing evidence is UNKNOWN, not negative evidence.\n  - Missing competitor precedent does not prove novelty.\n  - A technical enabler may be retained as a technology signal without becoming a product idea.\n  - A smaller number of stronger candidates is preferred to maximizing idea count.\n  - 0 qualified candidates is valid.\n  - Human review remains the final admission authority.\n  - Do not invent evidence or Source IDs.\n\nOutput:\n  - Candidate ID\n  - Discovery lane\n  - Candidate class\n  - Problem / opportunity\n  - Existing solution / source technology\n  - DELTA / transferable capability\n  - Proposed product/system response\n  - User benefit / testable outcome\n  - Technology / mechanism\n  - Fitting application\n  - Evidence / Source IDs\n  - Evidence status\n  - Main uncertainty\n  - Quality Gate result: PASS / WATCH / FAIL\n  - Reason for gate result\n  - Discovery disposition: KEEP / WATCH / DROP\n  - Suggested downstream prompt\n\nBatch #1 learning to apply experimentally:\n  - Reduce technology-first ideas with weak product outcomes.\n  - Detect known/commercial/patent baseline solutions earlier.\n  - Merge duplicates/variants before presenting them as standalone ideas.\n  - Route technical enablers away from standalone product ideas.\n  - Require clearer user/product benefit.\n  - Penalize added complexity without demonstrated benefit.\n  - Do not let installation, maintenance or CI-only improvements enter the product-innovation set unless a clear product/user outcome is established.\n  - These are experimental learning rules for the next batch and remain subject to human review."
"RS-13","CURRENT","Claw 3-Day Idea Batch","Consolidate the last three daily Claw discovery runs into a traceable CSV-ready review batch after the Discovery Quality Gate.","Purpose:\n  Create a compact three-day R&D idea discovery batch for human review after discovery quality filtering.\n\nInput:\n  [DAY 1 OUTPUT]\n  [DAY 2 OUTPUT]\n  [DAY 3 OUTPUT]\n  [KNOWLEDGE CONTEXT]: existing ideas and prior batch history\n  [CLAW LEARNING]: validated or experimental learning rules from Project Improvement\n\nTask:\n  - Merge all candidate discoveries.\n  - Remove exact and near-duplicate candidates.\n  - Preserve materially different architecture or capability variants.\n  - Group related candidates where appropriate.\n  - Keep the original discovery source and evidence traceability.\n  - Identify repeated signals appearing across multiple days.\n  - Identify emerging themes without turning them into unsupported conclusions.\n  - Preserve the Quality Gate result and candidate class.\n  - Separate:\n      NEW\n      RECURRING SIGNAL\n      VARIANT\n      DUPLICATE\n      BASELINE\n      TECHNICAL ENABLER\n      WATCH\n      DROP\n  - Do not re-interpret a failed gate as a KEEP candidate merely to fill the batch.\n  - Produce a review-oriented CSV dataset.\n\nOutput columns:\n  Batch_ID\n  Candidate_ID\n  Date_First_Found\n  Discovery_Lane\n  Candidate_Class\n  Problem_Opportunity\n  Existing_Solution_or_Source\n  DELTA_or_Transferable_Capability\n  Proposed_Product_Response\n  User_Benefit\n  Technology_Mechanism\n  Fitting_Application\n  Evidence_Source\n  Evidence_Status\n  Main_Uncertainty\n  Quality_Gate_Result\n  Quality_Gate_Reason\n  Discovery_Disposition\n  Recurrence\n  Suggested_Review_Prompt\n\nRules:\n  - Do not create new ideas during consolidation.\n  - Do not upgrade evidence status.\n  - Do not remove uncertainty.\n  - Do not overwrite human review.\n  - CSV must remain machine-readable.\n  - Preserve one candidate per row.\n  - Use concise Vietnamese-first narrative with technical English where useful.\n  - Prefer fewer distinct candidates to padded output volume.\n  - A zero- or low-count qualified batch is valid."
