Supplier Tech ID,Supplier / Company,Technology / Component,Capability / Principle,Current Application,Maturity,Fitting Applicability,Source ID,,
ST-001,Runner,Hygieia 2-in-1 Pull-Down Kitchen Faucet,Tách riêng đường nước thường và đường nước lọc/nước uống bằng đầu ra nước uống điều khiển bằng solenoid,Kitchen,Existing proposal,Tích hợp vòi nước lọc và nước thường trong cùng một không gian lắp đặt,"SRC-350, SRC-341",,Tích hợp vòi nước lọc và nước thường trong cùng một không gian lắp đặt
ST-002,Runner,Na-Micro Spray,Tạo tia phun hạt mịn qua các đầu phun chuyên dụng để ngâm/làm sạch,Kitchen,Existing proposal,Bổ sung chế độ ngâm/làm ướt riêng biệt,"SRC-350, SRC-341",,Bổ sung chế độ ngâm/làm ướt riêng biệt
ST-003,Runner,3F Spray Head / Multi-spray Platform,Tích hợp chức năng sục khí + xả sạch + Na-Micro trong cùng một đầu phun,Kitchen,Existing proposal,Nền tảng phun đa chức năng,"SRC-350, SRC-341",,Nền tảng phun đa chức năng
ST-004,Runner,Pull-Switch Self-Reset Spray Head,Công tắc kéo cơ khí 4 mm; tia phun thay thế tự động trở về chế độ mặc định sau khi tắt,Kitchen,Existing proposal,"Điều khiển nhẹ lực, tránh giữ lại chế độ không mong muốn","SRC-350, SRC-341",,"Điều khiển nhẹ lực, tránh giữ lại chế độ không mong muốn"
ST-005,Runner,Dual-mode Low-Power Laser Sensor Faucet,Cảm biến laser + solenoid cho phép kích hoạt nước theo thời gian thực và kích hoạt dòng nước liên tục,Basin / kitchen,Existing proposal,Điều khiển nước không cần dùng tay,"SRC-350, SRC-341",,Điều khiển nước không cần dùng tay
ST-006,Runner,KDF Filter Shower Set,Tích hợp lõi lọc KDF có thể thay thế vào bộ sen tắm,Shower,Tooling,Lọc nước tại điểm sử dụng cho sen tắm,"SRC-351, SRC-342",,Lọc nước tại điểm sử dụng cho sen tắm
ST-007,Runner,Quick Drip Stop Shower Structure,Cấu trúc thủy lực bên trong nhằm ngăn nước tiếp tục nhỏ giọt sau khi tắt,Shower,Tooling,Giảm lượng nước nhỏ giọt sau khi sử dụng,"SRC-351, SRC-342",,Giảm lượng nước nhỏ giọt sau khi sử dụng
ST-008,Runner,Interchangeable Shower Module / Outlet,Module đầu ra có thể thay thế để thay đổi cấu hình tia phun/chức năng,Shower,Concept,Nền tảng cho nhiều chức năng tia phun khác nhau,"SRC-351, SRC-342",,Nền tảng cho nhiều chức năng tia phun khác nhau
ST-009,Runner,Concealed Cartridge Technology,Kiến trúc cartridge điều nhiệt âm tường dạng mỏng,Shower,Concept,Cho phép lắp đặt âm tường nông hơn,"SRC-351, SRC-342",,Cho phép lắp đặt âm tường nông hơn
ST-010,Runner,Hydraulic Switch Shower Combo,Cơ cấu thủy lực chuyển đổi giữa đầu sen và tay sen,Shower,US concept,Chuyển đổi chức năng mà không cần điện tử,"SRC-351, SRC-342",,Chuyển đổi chức năng mà không cần điện tử
ST-011,Runner,PPA Plastic Waterway Platform,"Đường nước bên trong bằng PPA đúc, nằm trong vỏ kim loại",Shower / faucet,Supplier platform,Giảm độ phức tạp gia công và giảm phần đường nước bằng đồng thau,"SRC-351, SRC-343",,Giảm độ phức tạp gia công và giảm phần đường nước bằng đồng thau
ST-012,Hent,Push-Button Cartridge,Vận hành bằng nút nhấn theo phương trục để bật/tắt hoặc điều khiển chức năng,Shower / faucet,Existing product,Điều khiển nhỏ gọn ở mặt trước,"SRC-353, SRC-344",,Điều khiển nhỏ gọn ở mặt trước
ST-013,Hent,Push-Button Temperature Control Cartridge,Kiến trúc điều chỉnh nhiệt độ bằng nút nhấn và ceramic,Shower,Existing product,Giao diện âm tường nhỏ gọn,"SRC-353, SRC-344",,Giao diện âm tường nhỏ gọn
ST-014,Hent,Thermostatic Cartridge Family,Phần tử đáp ứng nhiệt độ điều chỉnh quá trình trộn nước nóng/lạnh,Shower,Existing product,Điều chỉnh nhiệt độ ổn định,"SRC-353, SRC-344",,Điều chỉnh nhiệt độ ổn định
ST-015,Hent,Brass/Zinc Faucet Waterway Architecture,Cấu hình đường nước được điều chỉnh cho các kết cấu vòi bằng đồng thau/kẽm,Faucet,Supplier platform,Hỗ trợ các kiến trúc sản phẩm/cấu trúc sản xuất khác nhau,"SRC-353, SRC-344",,Hỗ trợ các kiến trúc sản phẩm/cấu trúc sản xuất khác nhau
ST-016,Lota,Integrated Shower Filtration,Tích hợp bộ lọc vào cột sen hoặc tay sen,Shower,New concept,Lọc nước mà không cần bộ lọc bên ngoài,"SRC-354, SRC-345",,Lọc nước mà không cần bộ lọc bên ngoài
ST-017,Lota,Magnetic Docking Spray Head,Đầu sen tự căn chỉnh và giữ vị trí bằng nam châm,Kitchen faucet,New concept,Gắn vào nhanh bằng một tay,"SRC-354, SRC-345",,Gắn vào nhanh bằng một tay
ST-018,Lota,Face-U Multi-function Basin Mixer,Xoay vòi 90° để thay đổi giữa hướng phun lên mặt và hướng phun xuống để rửa,Basin,New concept,Giao diện chăm sóc cá nhân đa chức năng,"SRC-354, SRC-345",,Giao diện chăm sóc cá nhân đa chức năng
ST-019,Lota,Clean Jet Spray Head,Tia phun hình quạt mạnh chuyên dụng để làm sạch bề mặt đầu phun,Shower / faucet,New concept,Tích hợp chức năng làm sạch,"SRC-354, SRC-345",,Tích hợp chức năng làm sạch
ST-020,Lota,Pressure Sensor Nozzle,Hình học/độ nhô của đầu phun thay đổi theo áp suất đầu vào; nhằm tăng lực tia và hỗ trợ loại cặn,Shower,New concept,Tia phun thích ứng theo áp suất,"SRC-354, SRC-345",,Tia phun thích ứng theo áp suất
ST-021,Lota,Burst Shower Spray,"Chế độ mặc định tiết kiệm + tăng lưu lượng tạm thời, sau đó tự động trở về chế độ mặc định",Shower,New concept,Chỉ tạo tia phun mạnh khi cần,"SRC-354, SRC-345",,Chỉ tạo tia phun mạnh khi cần
ST-022,Lota,SHUP Modular Non-metallic Waterway,Ống PERT mềm + các đầu nối tiêu chuẩn tạo thành đường nước bên trong dạng module,Basin / kitchen,Supplier platform,Giảm độ phức tạp của nền tảng/khuôn dụng cụ,"SRC-354, SRC-345",,Giảm độ phức tạp của nền tảng/khuôn dụng cụ
ST-023,Sedal,TOP35 High-performance Cartridge,"Cartridge 35 mm kết hợp lưu lượng cao, độ ồn thấp và độ bền cao; nhà cung cấp công bố tới 1,5M chu kỳ ASME và 33 L/min @ 3 bar",Shower / bath,Existing product,Nền tảng lưu lượng cao và độ bền cao,"SRC-355, SRC-346",,Nền tảng lưu lượng cao và độ bền cao
ST-024,Sedal,DUE Water-saving Cartridge,Có điểm dừng giữa hành trình ở khoảng 60% hành trình cần gạt; nhà cung cấp công bố tiết kiệm nước tới 50%,Basin / shower,Existing product,Giới hạn lưu lượng thụ động,"SRC-355, SRC-346",,Giới hạn lưu lượng thụ động
ST-025,Sedal,COLD Technology Cartridge,Vị trí cần gạt ở giữa cấp nước lạnh trước khi đường nước nóng được mở có chủ đích,Basin,Existing product,Tiết kiệm năng lượng thụ động,"SRC-355, SRC-346",,Tiết kiệm năng lượng thụ động
ST-026,Sedal,Nano Shelter / Sedalox Ceramic Compound,Công nghệ hợp chất ceramic nhằm kéo dài độ bền cartridge,Cartridge,Existing technology,Có khả năng kéo dài tuổi thọ sử dụng,"SRC-355, SRC-346",,Có khả năng kéo dài tuổi thọ sử dụng
ST-027,Sedal,Compact Thermostatic Cartridge,TM001C dạng nhỏ gọn giảm khoảng 15% chiều cao cartridge,Shower,Existing product,Kiến trúc âm tường dạng mỏng,"SRC-355, SRC-346",,Kiến trúc âm tường dạng mỏng
ST-028,Sedal,Low-pressure High-flow Thermostatic,Đường nước đặc biệt cho vận hành ở áp suất thấp; nhà cung cấp công bố 16 L/min @ 0.6 bar và 34 L/min @ 3 bar,Shower,Existing product,Giải quyết trực tiếp vấn đề hiệu suất sen tắm khi áp suất thấp,"SRC-355, SRC-346",,Giải quyết trực tiếp vấn đề hiệu suất sen tắm khi áp suất thấp
ST-029,Solex,Slim Thermostatic Concealed Cartridge,Cartridge điều nhiệt dạng mỏng được đóng gói trong kiến trúc âm tường nông,Shower,Supplier platform,Giảm chiều sâu lắp đặt âm tường,"SRC-356, SRC-347",,Giảm chiều sâu lắp đặt âm tường
ST-030,Solex,Built-in Water Shut-off Valve,Van khóa bảo trì tích hợp bên dưới cassette âm tường,Shower,Supplier platform,Dễ cô lập để bảo trì,"SRC-356, SRC-347",,Dễ cô lập để bảo trì
ST-031,Solex,Waterway Protection / Leak Test Structure,Nắp bảo vệ ngăn nhiễm bẩn trong quá trình thi công và cho phép kiểm tra rò rỉ,Concealed shower,Supplier platform,Giảm rủi ro do chất lượng lắp đặt,"SRC-356, SRC-347",,Giảm rủi ro do chất lượng lắp đặt
ST-032,Solex,Water Hammer Airbag,Khoang khí có thể nén hấp thụ xung áp và rung,Concealed shower,Supplier platform,Bảo vệ thủy lực thụ động,"SRC-356, SRC-347",,Bảo vệ thủy lực thụ động
ST-033,Solex,"500,000-cycle Push-button Cartridge",Cartridge nút nhấn có tuổi thọ công bố 500k chu kỳ so với 200k chu kỳ tiêu chuẩn,Shower,Existing product,Độ bền cao kết hợp điều khiển nhỏ gọn,"SRC-357, SRC-347",,Độ bền cao kết hợp điều khiển nhỏ gọn
ST-034,Solex,Flexible Spray Low-pressure Head,"Đường kính đầu ra thay đổi theo áp suất; lỗ nhỏ hơn ở áp suất thấp giúp tăng lực tia, lỗ lớn hơn ở áp suất cao giúp cân bằng lưu lượng",Shower,Development,Tia phun ổn định hơn trong dải áp suất,"SRC-357, SRC-348",,Tia phun ổn định hơn trong dải áp suất
ST-035,Solex,T-arget Massage Spray,Tia phun tập trung dạng chữ T hướng vào vùng vai/cột sống; vùng phủ công bố >200 mm,Shower,New concept,Massage có mục tiêu thay vì massage chung,"SRC-357, SRC-348",,Massage có mục tiêu thay vì massage chung
ST-036,Solex,Height-adjustable Low-wobble Head Shower,Điều chỉnh trượt khoảng ~300 mm với cơ cấu cân bằng lực để giảm rung lắc,Shower,New concept,Điều chỉnh theo chiều cao người dùng kết hợp độ ổn định,"SRC-357, SRC-348",,Điều chỉnh theo chiều cao người dùng kết hợp độ ổn định
ST-037,Jandao / Waternym,Anti-clogging Reverse-flush Spray Panel,Tấm đầu ra có thể đảo chiều để xả tạp chất từ mặt sau và có thể tháo ra để vệ sinh,Shower / faucet,Existing technology,Dễ bảo trì bề mặt đầu phun,"SRC-359, SRC-350",,Dễ bảo trì bề mặt đầu phun
ST-038,Jandao / Waternym,Multi-pressure Spray Panel Platform,"Các tấm đầu ra có thể thay thế, được tối ưu cho áp suất thấp / trung bình / cao",Shower,Existing technology,Thích ứng với áp suất theo từng khu vực,"SRC-359, SRC-350",,Thích ứng với áp suất theo từng khu vực
ST-039,Jandao / Waternym,Private-care + Granular Massage Spray,Các nhóm đầu ra riêng biệt cung cấp tia mềm/dày cho chăm sóc cá nhân và tia massage dạng hạt/tia áp lực,Shower,Existing technology,Kết hợp chăm sóc cá nhân và massage,"SRC-359, SRC-350",,Kết hợp chăm sóc cá nhân và massage
ST-040,Seagull,Ozone Water Generation / Dispensing,Tạo nước ozone tại điểm sử dụng với kích hoạt không chạm,Faucet / treatment,New concept,Bổ sung chức năng xử lý nước tại đầu ra,"SRC-358, SRC-349",,Bổ sung chức năng xử lý nước tại đầu ra
ST-041,Seagull,Light-Flow Sync Interface,Cường độ LED thay đổi theo mức lưu lượng được chọn,Faucet / shower,New concept,Phản hồi trực quan khi tương tác,"SRC-358, SRC-349",,Phản hồi trực quan khi tương tác
ST-042,Seagull,Volume-quantified Auto Shut-off,Theo dõi thể tích nước điện tử và tự động dừng dòng nước khi đạt lượng cài đặt trước,Faucet,New concept,Định lượng nước và ngăn tràn có kiểm soát,"SRC-358, SRC-349",,Định lượng nước và ngăn tràn có kiểm soát
ST-043,Seagull,Smart Shower Touch + Display Control,"Điều khiển bằng nút chạm/màn hình cho nhiệt độ, lưu lượng, chức năng và cài đặt người dùng; bao gồm hẹn giờ và xả nước trước",Shower,New concept,Điều khiển kỹ thuật số theo nhu cầu cá nhân,"SRC-358, SRC-349",,Điều khiển kỹ thuật số theo nhu cầu cá nhân
ST-044,Yizhan,Push-button Diverter Cartridge,Nút nhấn thay đổi đầu ra sen; các phiên bản kết hợp bộ chuyển hướng + điều chỉnh lưu lượng,Shower,Existing product,Điều khiển đa chức năng nhỏ gọn,"SRC-360, SRC-351",,Điều khiển đa chức năng nhỏ gọn
ST-045,Yizhan,Hot-Cold Push-button Cartridge,Giao diện nút nhấn kết hợp với điều chỉnh nhiệt độ nóng/lạnh,Shower,Existing product,Điều khiển nhiệt độ nhỏ gọn,"SRC-360, SRC-351",,Điều khiển nhiệt độ nhỏ gọn
ST-046,Yizhan,Cold-start Cartridge,Cần gạt khởi động từ vị trí nước lạnh; muốn dùng nước nóng phải chủ động di chuyển cần gạt,Basin,Existing product,Tiết kiệm năng lượng thụ động,"SRC-360, SRC-351",,Tiết kiệm năng lượng thụ động
ST-047,Yizhan,Two-phase Flow Regulator / Hot-limit Cartridge,Điều khiển hai cấp cho lưu lượng/nước nóng; có các phiên bản 35/40 mm có và không có bộ phân phối,Faucet / shower,Existing product,Lưu lượng mặc định thấp + lưu lượng cao hơn có kiểm soát / giới hạn nước nóng,"SRC-360, SRC-351",,Lưu lượng mặc định thấp + lưu lượng cao hơn có kiểm soát / giới hạn nước nóng
ST-048,Yizhan,Cool-touch Cartridge / Faucet Architecture,Tách nhiệt giúp giảm truyền nhiệt tới các bề mặt bên ngoài mà người dùng chạm vào,Shower,Existing technology,An toàn nhiệt tại các bề mặt tiếp xúc,"SRC-360, SRC-351",,An toàn nhiệt tại các bề mặt tiếp xúc
ST-049,Runner,Microbubble Spray,Chế độ phun microbubble sử dụng cấu trúc đầu ra microbubble chuyên dụng,Kitchen / basin,Concept,Giải pháp thay thế cho chế độ sục khí/tia phun thông thường,SRC-350,,Giải pháp thay thế cho chế độ sục khí/tia phun thông thường
ST-050,Runner,Height-adjustable Spout,Có thể điều chỉnh chiều cao vòi/đầu ra trong khoảng xấp xỉ 0–80 mm,Basin faucet,Concept,Giảm nhu cầu cúi người và hỗ trợ nhiều thao tác sử dụng,SRC-350,,Giảm nhu cầu cúi người và hỗ trợ nhiều thao tác sử dụng
ST-051,Lota,Quick Connection Shower Head,Adapter push-connect cho phép lắp/tháo nhanh đầu sen để vệ sinh,Shower,New concept,Đơn giản hóa bảo trì và lắp đặt,SRC-354,,Đơn giản hóa bảo trì và lắp đặt
ST-052,Lota,Anti-Dripping Rain Shower Head,Cấu trúc chuyên dụng giúp giảm lượng nước còn nhỏ giọt sau khi tắt,Shower,New concept,Giải quyết vấn đề nước nhỏ giọt sau khi sử dụng,SRC-354,,Giải quyết vấn đề nước nhỏ giọt sau khi sử dụng
ST-053,Lota,One-button Sprayhead Control + Auto Reset,Một nút nhấn chuyển đổi tia phun và tự động trở về chế độ mặc định,Kitchen / shower,New concept,Tương tác đơn giản bằng một tay,SRC-354,,Tương tác đơn giản bằng một tay
ST-054,Solex,iDrain / Cold-water Drainage,Chế độ xả chuyên dụng loại bỏ nước lạnh ban đầu; tự động chuyển sang tạm dừng khi đạt nhiệt độ mục tiêu,Concealed shower,Concept,Giảm thời gian chờ nước nóng và lượng nước bị lãng phí,SRC-356,,Giảm thời gian chờ nước nóng và lượng nước bị lãng phí
ST-055,Solex,Universal Level for Concealed Installation,Thước thủy tích hợp cho phép điều chỉnh hướng lắp đặt trước khi hoàn thiện,Concealed shower,Supplier platform,Giảm sai số căn chỉnh khi lắp đặt,SRC-356,,Giảm sai số căn chỉnh khi lắp đặt
ST-056,Solex,Line Simplicity Modular Concealed Box,Hộp chính + các hộp chức năng mở rộng tạo thành nền tảng sen tắm âm tường dạng module,Concealed shower,Supplier platform,Cho phép mở rộng chức năng và dùng chung một nền tảng,SRC-356,,Cho phép mở rộng chức năng và dùng chung một nền tảng
ST-057,Yizhan,PPA Shelf Waterway Platform,Đường nước bằng nhựa PPA kết hợp với vỏ kẽm/thép không gỉ; nhà cung cấp công bố đường nước có khả năng chống bỏng và không chứa chì,Faucet / shower,Supplier platform,Kiến trúc đường nước phi kim loại,SRC-360,,Kiến trúc đường nước phi kim loại
ST-058,Yizhan,High-performance / Cold-start Cartridge Family,"Dòng cartridge NF077 CH3 kết hợp các đặc tính khởi động bằng nước lạnh, tiết kiệm năng lượng và độ bền",Faucet,Existing product,Nền tảng cartridge tiết kiệm năng lượng thụ động,SRC-360,,Nền tảng cartridge tiết kiệm năng lượng thụ động
